""," SL No"," NLEM Version"," Formulation"," Dosage & Strength"," SO Number"," SO Date"," Ceiling Price ( Excluding Taxes) (Rs.)(Per Unit)"
"","1","2011","Acetylsalicylic acid","Tablet 300 mg","1582(E)","25-Mar-2026","₹ 0.28(1 Tablet)"
"","2","2011","Calcium Carbonate","Tablet 250 mg","1582(E)","25-Mar-2026","₹ 2.49(1 Tablet)"
"","3","2011","Condom","CONDOM","1582(E)","25-Mar-2026","₹ 11.65(1 Condom)"
"","4","2011","Dapsone","Tablet 50 mg","1582(E)","25-Mar-2026","₹ 0.30(1 Tablet)"
"","5","2011","Medroxyprogesteroneacetate","Tablet 5 mg","1582(E)","25-Mar-2026","₹ 3.80(1 Tablet)"
"","6","2011","RIFAMPICIN","TABLET 450 mg","1582(E)","25-Mar-2026","₹ 5.66(1 Tablet)"
"","7","2015","Abacavir (A)+Lamivudine (B)","Tablet 60 (A) + 30 mg (B)","1581(E)","25-Mar-2026","₹ 25.61(1 Tablet)"
"","8","2015","Acetylsalicylic acid","Tablet 150 mg","1581(E)","25-Mar-2026","₹ 0.51(1 Tablet)"
"","9","2015","Acetylsalicylic acid","Tablet 75 mg","1581(E)","25-Mar-2026","₹ 0.39(1 Tablet)"
"","10","2015","Acetylsalicylic acid","Tablet 100 mg","1581(E)","25-Mar-2026","₹ 0.21(1 Tablet)"
"","11","2015","Acetylsalicylic acid","Tablet 350 mg","1581(E)","25-Mar-2026","₹ 0.39(1 Tablet)"
"","12","2015","Acetylsalicylic acid","Effervescent/ Dispersible/
Enteric coated Tablet 100 mg","1581(E)","25-Mar-2026","₹ 0.22(1 Tablet)"
"","13","2015","All-trans Retinoic Acid","Capsule 10 mg","1581(E)","25-Mar-2026","₹ 104.29(1 Capsule)"
"","14","2015","Anti-D Immunoglobulin","Injection 300 mcg","1581(E)","25-Mar-2026","₹ 2721.28(Each Pack)"
"","15","2015","Anti-D Immunoglobulin","Injection 150 mcg","1581(E)","25-Mar-2026","₹ 2121.14(Each Pack)"
"","16","2015","Artesunate (A) + Sulphadoxine -Pyrimethamine (B)","Tablet 100 mg(A) + 1 Tablet
(750 mg+ 37.5 mg) (B)","1581(E)","25-Mar-2026","₹ 37.60(Combi Pack)"
"","17","2015","Artesunate (A) + Sulphadoxine -Pyrimethamine (B)","Tablet 150 mg(A) + 2 Tablet
(500 mg+ 25 mg) (B)","1581(E)","25-Mar-2026","₹ 51.05(Combi Pack)"
"","18","2015","Artesunate (A) + Sulphadoxine -Pyrimethamine (B)","Tablet 200 mg(A) + 2 Tablet
(750 mg+ 37.5 mg) (B)","1581(E)","25-Mar-2026","₹ 46.54(Combi Pack)"
"","19","2015","Artesunate (A) + Sulphadoxine -Pyrimethamine (B)","Tablet 25 mg(A) + 1 Tablet
(250 mg+ 12.5 mg) (B)","1581(E)","25-Mar-2026","₹ 25.07(Combi Pack)"
"","20","2015","Bare Metal Stents","DEVICE --","1587(E)","25-Mar-2026","₹ 10762.15(1 Unit)"
"","21","2015","Benzoyl Peroxide","Cream 2.50%","1581(E)","25-Mar-2026","₹ 2.97(1 GM)"
"","22","2015","Benzyl penicillin","Powder For Injection 1000000","1581(E)","25-Mar-2026","₹ 14.92(Each Pack)( Pack)"
"","23","2015","Betamethasone","Lotion 0.10%","1581(E)","25-Mar-2026","₹ 1.05(1 ML)"
"","24","2015","Budesonide","Nasal Spray 50 MCG","1581(E)","25-Mar-2026","₹ 1.30(1 Dose)"
"","25","2015","Budesonide","Inhalation 100 MCG","1581(E)","25-Mar-2026","₹ 2.55(Per Dose)"
"","26","2015","Calcium Carbonate","Tablet 500 mg","1581(E)","25-Mar-2026","₹ 2.20(1 Tablet)"
"","27","2015","Calcium gluconate","Injection 100 mg","1581(E)","25-Mar-2026","₹ 0.69(1 ML)"
"","28","2015","Cefadroxil","Capsule 500 mg","1581(E)","25-Mar-2026","₹ 9.11(1 Capsule)"
"","29","2015","Cefazolin","Powder For Injection 1000 mg","1581(E)","25-Mar-2026","₹ 31.29(Each Pack)"
"","30","2015","Cefazolin","Powder For Injection 500 mg","1581(E)","25-Mar-2026","₹ 19.84(Each Pack)"
"","31","2015","Cefixime","Capsule 400 mg","1581(E)","25-Mar-2026","₹ 37.28(1 Capsule)"
"","32","2015","Cetirizine","Capsule 10 mg","1581(E)","25-Mar-2026","₹ 3.03(1 Capsule)"
"","33","2015","Chlorhexidine","Solution (concentrate for dilution) 5%","1581(E)","25-Mar-2026","₹ 0.19(1 ML)"
"","34","2015","Cloxacillin","Tablet 250 mg","1581(E)","25-Mar-2026","₹ 2.20(1 Tablet)( Pack)"
"","35","2015","Cloxacillin","Powder 250 mg","1581(E)","25-Mar-2026","₹ 5.67(Each Pack)"
"","36","2015","Coagulation factor
IX","Powder For Injection 600 IU","1581(E)","25-Mar-2026","₹ 15708.08(Each Pack)"
"","37","2015","Coagulation factor
VIII","Powder For Injection 250 IU","1581(E)","25-Mar-2026","₹ 4761.81(Each Pack)"
"","38","2015","Coagulation factor
VIII","Powder For Injection 500 IU","1581(E)","25-Mar-2026","₹ 11685.13(Each Pack)"
"","39","2015","Cyclosporine","Injection 50 mg/ml","1581(E)","25-Mar-2026","₹ 343.86(1 ML)"
"","40","2015","Daunorubicin","Powder For Injection 20 mg","1581(E)","25-Mar-2026","₹ 310.03(Each Pack)"
"","41","2015","Dextran-40","Injection 10%","1581(E)","25-Mar-2026","₹ 1.08(1 ML)"
"","42","2015","Diazepam","Oral Liquid 2 mg/5ml","1581(E)","25-Mar-2026","₹ 3.48(1 ML)"
"","43","2015","Diclofenac","Capsule 50 mg","1581(E)","25-Mar-2026","₹ 0.78(1 Capsule)"
"","44","2015","Dicyclomine","Injection 10 mg/ml (1ml &
2ml Pack)","1581(E)","25-Mar-2026","₹ 0.20(1 ML)"
"","45","2015","Dicyclomine","Tablet 10 mg","1581(E)","25-Mar-2026","₹ 0.13(1 Tablet)"
"","46","2015","Dinoprostone","Tablet 0.5 mg","1581(E)","25-Mar-2026","₹ 63.80(1 Tablet)"
"","47","2015","Diphtheria antitoxin","Injection 10000 IU","1581(E)","25-Mar-2026","₹ 1670.88(Each Pack)"
"","48","2015","DPT vaccine","VACCINE","1581(E)","25-Mar-2026","₹ 18.07(Per 0.5 ml)"
"","49","2015","Drug Eluting Stents (DES) including metallic DES and Bioresorbable Vascular  Scaffold (BVS)/ Biodegradable Stents","DEVICE --","1587(E)","25-Mar-2026","₹ 39186.03(1 Unit)"
"","50","2015","Ferrous Salt (A) +
Folic Acid (B)","Tablet 100 mg elemental iron
(A) + 500mcg (B)","1581(E)","25-Mar-2026","₹ 0.28(1 Tablet)"
"","51","2015","Fluconazole","Oral Liquid 50 mg/ 5 ml","1581(E)","25-Mar-2026","₹ 3.33(1 ML)"
"","52","2015","Gadobenate","Injection 529 mg","1581(E)","25-Mar-2026","₹ 138.95(1 ML)"
"","53","2015","GENTIAN VIOLET","PAINT 1 %","1581(E)","25-Mar-2026","₹ 0.10(1 ML)"
"","54","2015","Glucose","Injection 10%","1581(E)","25-Mar-2026","₹ 35.81(Each Pack (500 ml))( Pack)"
"","55","2015","Glucose","Injection 5%","1581(E)","25-Mar-2026","₹ 0.62(1 ML)"
"","56","2015","Glucose","Injection 5%","1581(E)","25-Mar-2026","₹ 81.87(1000ml Glass)"
"","57","2015","Glucose","Injection 5%","1581(E)","25-Mar-2026","₹ 28.70(250ml Non-Glass)"
"","58","2015","Glucose","Injection 5%","1581(E)","25-Mar-2026","₹ 66.10(1000ml Non-Glass)"
"","59","2015","Glucose","Injection 5%","1581(E)","25-Mar-2026","₹ 45.08(500ml Glass)"
"","60","2015","Glucose","Injection 5%","1581(E)","25-Mar-2026","₹ 22.99(100ml Glass)"
"","61","2015","Glucose","Injection 5%","1581(E)","25-Mar-2026","₹ 20.80(100ml Non-Glass)"
"","62","2015","Glucose","Injection 10%","1581(E)","25-Mar-2026","₹ 32.93(Each Pack (1000 ml))( Pack)"
"","63","2015","Glucose","Injection 5%","1581(E)","25-Mar-2026","₹ 38.89(500ml Non-Glass)"
"","64","2015","Glucose","Injection 5%","1581(E)","25-Mar-2026","₹ 31.75(250ml Glass)"
"","65","2015","Glucose (A) +
Sodium Chloride (B)","Injection 5% (A) + 0.9% (B)","1581(E)","25-Mar-2026","₹ 31.89(250ml Glass)"
"","66","2015","Glucose (A) +
Sodium Chloride (B)","Injection 5% (A) + 0.9% (B)","1581(E)","25-Mar-2026","₹ 82.41(1000ml Glass)"
"","67","2015","Glucose (A) +
Sodium Chloride (B)","Injection 5% (A) + 0.9% (B)","1581(E)","25-Mar-2026","₹ 66.59(1000ml Non-Glass)"
"","68","2015","Glucose (A) +
Sodium Chloride (B)","Injection 5% (A) + 0.9% (B)","1581(E)","25-Mar-2026","₹ 23.04(100ml Glass)"
"","69","2015","Glucose (A) +
Sodium Chloride (B)","Injection 5% (A) + 0.9% (B)","1581(E)","25-Mar-2026","₹ 39.12(500ml Non-Glass)"
"","70","2015","Glucose (A) +
Sodium Chloride (B)","Injection 5% (A) + 0.9% (B)","1581(E)","25-Mar-2026","₹ 45.29(500ml Glass)"
"","71","2015","Glucose (A) +
Sodium Chloride (B)","Injection 5% (A) + 0.9% (B)","1581(E)","25-Mar-2026","₹ 28.80(250ml Non-Glass)"
"","72","2015","Glucose (A) +
Sodium Chloride (B)","Injection 5% (A) + 0.9% (B)","1581(E)","25-Mar-2026","₹ 20.82(100ml Non-Glass)"
"","73","2015","Glutaraldehyde","Solution 2%","1581(E)","25-Mar-2026","₹ 0.08(1 ML)"
"","74","2015","Griseofulvin","Tablet 125 mg","1581(E)","25-Mar-2026","₹ 1.05(1 Tablet)"
"","75","2015","Griseofulvin","Tablet 375 mg","1581(E)","25-Mar-2026","₹ 5.48(1 Tablet)"
"","76","2015","Haemodialysis fluid","As Licensed --","1581(E)","25-Mar-2026","₹ 0.04(1 ML)"
"","77","2015","Hydrochlorothiazide","Tablet 50 mg","1581(E)","25-Mar-2026","₹ 0.10(1 Tablet)"
"","78","2015","Hydrogen peroxide","Solution 6%","1581(E)","25-Mar-2026","₹ 0.04(1 ML)"
"","79","2015","HYDROXOCOBALAMIN","INJECTION 1 mg/ml","1581(E)","25-Mar-2026","₹ 12.60(1 ML)"
"","80","2015","Ibuprofen","Capsule 200 mg","1581(E)","25-Mar-2026","₹ 3.41(1 Capsule)"
"","81","2015","Imatinib","Capsule 400 mg","1581(E)","25-Mar-2026","₹ 325.64(1 Capsule)"
"","82","2015","Ipratropium","Inhalation 20 MCG","1581(E)","25-Mar-2026","₹ 0.78(1 Dose)"
"","83","2015","Ketamine","Injection 10 mg","1581(E)","25-Mar-2026","₹ 13.51(1 ML)"
"","84","2015","Levonorgestrel","Tablet 0.75 mg","1581(E)","25-Mar-2026","₹ 29.34(1 Tablet)"
"","85","2015","Levothyroxine","Tablet 37.5 mcg","1581(E)","25-Mar-2026","₹ 1.51(1 Tablet)"
"","86","2015","Lignocaine (A)+Adrenaline (B)","Injection 1% (A) + 1:200000
(5 mcg/ml) (B)","1581(E)","25-Mar-2026","₹ 0.57(1 ML)"
"","87","2015","Lopinavir (A)+Ritonavir (B)","Tablet 100/25 mg","1581(E)","25-Mar-2026","₹ 29.98(1 Tablet)"
"","88","2015","Methotrexate","Injection 50 mg/ml","1581(E)","25-Mar-2026","₹ 51.06(1 ML)"
"","89","2015","Methylthioninium chloride (Methylene blue)","Injection 10 mg/ml","1581(E)","25-Mar-2026","₹ 27.78(1 ML)"
"","90","2015","Midazolam","Tablet 7.5 mg","1581(E)","25-Mar-2026","₹ 28.61(1 Tablet)"
"","91","2015","Morphine","SR Tablet 30 mg","1581(E)","25-Mar-2026","₹ 6.94(1 Tablet)"
"","92","2015","Morphine","Tablet 10 mg","1581(E)","25-Mar-2026","₹ 6.79(1 Tablet)"
"","93","2015","N-ACETYLCYSTEINE","SACHET 200 mg","1581(E)","25-Mar-2026","₹ 11.46(1 GM)"
"","94","2015","Nevirapine","Oral Liquid 50 mg/5 ml","1581(E)","25-Mar-2026","₹ 1.07(1 ML)"
"","95","2015","Omeprazole","Tablet 10 mg","1581(E)","25-Mar-2026","₹ 5.66(1 Tablet)"
"","96","2015","Oral poliomyelitis","Vaccine --","1581(E)","25-Mar-2026","₹ 130.73(1 ML)"
"","97","2015","Para-aminosalicylic acid","Granules --","1581(E)","25-Mar-2026","₹ 3.62(1 GM)"
"","98","2015","Paracetamol","Injection 150 mg","1581(E)","25-Mar-2026","₹ 22.60(Each Pack (7 ml))"
"","99","2015","Paracetamol","Injection 150 mg","1581(E)","25-Mar-2026","₹ 3.92(Each Pack (0.5ml))"
"","100","2015","Paracetamol","Injection 150 mg","1581(E)","25-Mar-2026","₹ 5.34(Each Pack (1 ml))"
"","101","2015","Paracetamol","Injection 150 mg","1581(E)","25-Mar-2026","₹ 11.10(Each Pack (3 ml))"
"","102","2015","Paracetamol","Injection 150 mg","1581(E)","25-Mar-2026","₹ 13.98(Each Pack (4 ml))"
"","103","2015","Paracetamol","Injection 150 mg","1581(E)","25-Mar-2026","₹ 16.86(Each Pack (5 ml))"
"","104","2015","Penicillamine","Capsule 250 mg","1581(E)","25-Mar-2026","₹ 18.94(1 Capsule)( Pack)"
"","105","2015","PHENYLEPHRINE","DROPS 10 %","1581(E)","25-Mar-2026","₹ 10.31(1 ML)"
"","106","2015","PHENYLEPHRINE","DROPS 5 %","1581(E)","25-Mar-2026","₹ 4.75(1 ML)"
"","107","2015","Phenytoin","Injection 25 mg","1581(E)","25-Mar-2026","₹ 3.20(1 ML)"
"","108","2015","PHENYTOIN","ER Capsule 300 mg","1581(E)","25-Mar-2026","₹ 4.85(1 Capsule)"
"","109","2015","Pilocarpine","DROPS 4%","1581(E)","25-Mar-2026","₹ 14.89(1 ML)"
"","110","2015","Potassium permanganate","Crystal for topical solution --","1581(E)","25-Mar-2026","₹ 0.56(1 GM)"
"","111","2015","Povidone iodine","Scrub 7.50%","1581(E)","25-Mar-2026","₹ 2.04(1 ML)"
"","112","2015","Praziquantel","Tablet 600 mg","1581(E)","25-Mar-2026","₹ 44.29(1 Tablet)"
"","113","2015","Prednisolone","Injection 20 mg/ 2 ml","1581(E)","25-Mar-2026","₹ 4.57(1 ML)"
"","114","2015","Pyrazinamide","Oral Liquid 250 mg/ 5 ml","1581(E)","25-Mar-2026","₹ 0.78(1 ML)"
"","115","2015","RIFAMPICIN","TABLET 150 MG","1581(E)","25-Mar-2026","₹ 2.05(1 Tablet)( Pack)"
"","116","2015","Ringer Lactate","Injection 500 ml","1581(E)","25-Mar-2026","₹ 57.85(Each Pack)"
"","117","2015","Ringer Lactate","Injection 100 ml","1581(E)","25-Mar-2026","₹ 26.62(Each Pack)"
"","118","2015","Ringer Lactate","Injection 250 ml","1581(E)","25-Mar-2026","₹ 45.39(Each Pack)"
"","119","2015","Ringer Lactate","Injection 1000 ml","1581(E)","25-Mar-2026","₹ 101.71(Each Pack)"
"","120","2015","Ritonavir","Capsule 100 mg","1581(E)","25-Mar-2026","₹ 35.98(1 Capsule)"
"","121","2015","SALBUTAMOL","CAPSULE 4 mg","1581(E)","25-Mar-2026","₹ 0.75(1 Capsule)"
"","122","2015","Silver Sulphadiazine","Cream 1%","1581(E)","25-Mar-2026","₹ 0.64(1 GM)"
"","123","2015","Sodium chloride","Injection 0.90%","1581(E)","25-Mar-2026","₹ 30.17(250ml Glass)"
"","124","2015","Sodium chloride","Injection 0.90%","1581(E)","25-Mar-2026","₹ 75.66(1000ml Glass)"
"","125","2015","Sodium chloride","Injection 0.90%","1581(E)","25-Mar-2026","₹ 27.08(250ml Non-Glass)"
"","126","2015","Sodium chloride","Injection 0.90%","1581(E)","25-Mar-2026","₹ 20.15(100ml Non-Glass)"
"","127","2015","Sodium chloride","Injection 0.90%","1581(E)","25-Mar-2026","₹ 22.36(100ml Glass)"
"","128","2015","Sodium chloride","Injection 0.90%","1581(E)","25-Mar-2026","₹ 41.95(500ml Glass)"
"","129","2015","Sodium chloride","Injection 0.90%","1581(E)","25-Mar-2026","₹ 59.67(1000ml Non-Glass)"
"","130","2015","Sodium chloride","Injection 0.90%","1581(E)","25-Mar-2026","₹ 35.71(500ml Non-Glass)"
"","131","2015","Sodium nitrite","Injection 30 mg","1581(E)","25-Mar-2026","₹ 33.12(1 ML)"
"","132","2015","Streptokinase","Injection 750000 IU","1581(E)","25-Mar-2026","₹ 1605.06(Each Pack)"
"","133","2015","TD Vaccine","Each dose of 0.5ml contains:
Diphtheria Toxoid ?5Lf (?
2IU) Tetanus Toxoid ? 5Lf (?
40IU) 5 LF","1581(E)","25-Mar-2026","₹ 23.89(Each Pack (0.5ml))"
"","134","2015","TD Vaccine","Each dose of 0.5ml contains:
Diphtheria Toxoid ?25Lf (?
30IU) Tetanus Toxoid ? 5Lf
(? 40IU) 25 LF","1581(E)","25-Mar-2026","₹ 20.48(Each Pack (0.5ml))"
"","135","2015","TD Vaccine","Each dose of 0.5ml contains:
Diphtheria Toxoid ?5Lf (?
2IU) Tetanus Toxoid ? 5Lf (?
40IU) 5 LF","1581(E)","25-Mar-2026","₹ 224.52(Each Pack (5 ml))"
"","136","2015","Temozolomide","Tablet 100 mg","1581(E)","25-Mar-2026","₹ 1971.83(1 Tablet)"
"","137","2015","Timolol","Drops 0.25%","1581(E)","25-Mar-2026","₹ 6.59(1 ML)"
"","138","2015","Tramadol","Injection 50 mg","1581(E)","25-Mar-2026","₹ 1.59(20 ML Pack)(1 ML Pack)"
"","139","2015","Verapamil","Injection 2.5 mg","1581(E)","25-Mar-2026","₹ 1.50(1 ML)"
"","140","2015","Vinblastine","Injection 1 mg","1581(E)","25-Mar-2026","₹ 26.15(1 ML)"
"","141","2015","Vitamin A","Capsule 50000 IU","1581(E)","25-Mar-2026","₹ 0.69(1 Capsule)"
"","142","2015","Water for Injection","Injection --","1581(E)","25-Mar-2026","₹ 58.78(Each Pack (500 ml))"
"","143","2015","Water for Injection","Injection --","1581(E)","25-Mar-2026","₹ 103.16(Each Pack (1000 ml))"
"","144","2015","Water for Injection","Injection --","1581(E)","25-Mar-2026","₹ 2.86(Each Pack (5 ml))"
"","145","2015","Zidovudine","Capsule 300 mg","1581(E)","25-Mar-2026","₹ 2.63(1 Capsule)"
"","146","2015","Zolpidem","Capsule 5 mg","1581(E)","25-Mar-2026","₹ 9.37(1 Capsule)"
"","147","2022","5-AMINOSALICYLIC ACID","TABLET 400 MG","1575(E)","25-Mar-2026","₹ 8.11(1 Tablet)"
"","148","2022","5-AMINOSALICYLIC ACID","SUPPOSITORY 500 MG","1575(E)","25-Mar-2026","₹ 17.86(1 Suppository)"
"","149","2022","5-FLUOROURACIL","INJECTION 250 MG/ 5 ML","1575(E)","25-Mar-2026","₹ 2.09(1 ML)"
"","150","2022","6-MERCAPTOPURINE","TABLET 50 MG","1575(E)","25-Mar-2026","₹ 5.38(1 Tablet)"
"","151","2022","ABACAVIR","TABLET 300 MG","1575(E)","25-Mar-2026","₹ 49.76(1 Tablet)"
"","152","2022","ABACAVIR (A)+LAMIVUDINE (B)","TABLET 600 (A) + 300 MG (B)","1575(E)","25-Mar-2026","₹ 74.06(1 Tablet)"
"","153","2022","ACETAZOLAMIDE","TABLET 250 MG","1575(E)","25-Mar-2026","₹ 4.16(1 Tablet)"
"","154","2022","ACETAZOLAMIDE SYSTEMIC","CAPSULE 250 MG","1575(E)","25-Mar-2026","₹ 5.17(1 Capsule)"
"","155","2022","ACETYLCYSTEINE","INJECTION 200 MG","1575(E)","25-Mar-2026","₹ 24.21(1 ML)"
"","156","2022","ACETYLSALICYLIC ACID","EFFERVESCENT/ DISPERSIBLE/
ENTERIC COATED TABLET 150 MG","1575(E)","25-Mar-2026","₹ 0.72(1 Tablet)"
"","157","2022","ACICLOVIR","OINTMENT 3 %","1575(E)","25-Mar-2026","₹ 11.95(1 GM)"
"","158","2022","ACICLOVIR","INJECTION 250 MG","1575(E)","25-Mar-2026","₹ 436.64(Each Vial)"
"","159","2022","ACICLOVIR","TABLET 800 MG","1575(E)","25-Mar-2026","₹ 38.57(1 Tablet)"
"","160","2022","ACTINOMYCIN D","POWDER FOR INJECTION 0.5 MG","1575(E)","25-Mar-2026","₹ 338.97(Each Vial)"
"","161","2022","ACYCLOVIR","TABLET 400 MG","1575(E)","25-Mar-2026","₹ 13.99(1 Tablet)"
"","162","2022","ACYCLOVIR","TABLET 200 MG","1575(E)","25-Mar-2026","₹ 7.79(1 Tablet)"
"","163","2022","ACYCLOVIR","ORAL LIQUID 400 MG/ 5 ML","1575(E)","25-Mar-2026","₹ 1.39(1 ML)"
"","164","2022","ACYCLOVIR","POWDER FOR INJECTION 500 MG","1575(E)","25-Mar-2026","₹ 541.13(Each Vial)"
"","165","2022","ADENOSINE","INJECTION 3 MG","1575(E)","25-Mar-2026","₹ 95.09(1 ML)"
"","166","2022","ADRENALINE","INJECTION 1 MG","1575(E)","25-Mar-2026","₹ 12.52(1 ML)"
"","167","2022","ALBENDAZOLE","CHEWABLE TABLET 400 MG","1575(E)","25-Mar-2026","₹ 8.32(1 Tablet)"
"","168","2022","ALBENDAZOLE","TABLET 400 MG","1575(E)","25-Mar-2026","₹ 7.21(1 Tablet)"
"","169","2022","ALBENDAZOLE","ORAL LIQUID 200 MG/ 5 ML","1575(E)","25-Mar-2026","₹ 1.83(1 ML)"
"","170","2022","ALLOPURINOL","TABLET 300 MG","1575(E)","25-Mar-2026","₹ 5.77(1 Tablet)"
"","171","2022","ALLOPURINOL","TABLET 100 MG","1575(E)","25-Mar-2026","₹ 1.93(1 Tablet)"
"","172","2022","ALL ORAL ELECTROLYTES - ORS","POWDER --","1575(E)","25-Mar-2026","₹ 1.02(1 GM)"
"","173","2022","ALL ORAL ELECTROLYTES - ORS","SYRUP --","1575(E)","25-Mar-2026","₹ 0.15(1 ML)"
"","174","2022","ALPROSTADIL","INJECTION 500 MCG","1575(E)","25-Mar-2026","₹ 6253.38(1 ML)"
"","175","2022","AMIKACIN","INJECTION 250 MG","1575(E)","25-Mar-2026","₹ 55.47(1 ML)"
"","176","2022","AMIODARONE","INJECTION 50 MG","1575(E)","25-Mar-2026","₹ 21.64(1 ML)"
"","177","2022","AMIODARONE","TABLET 100 MG","1575(E)","25-Mar-2026","₹ 6.29(1 Tablet)"
"","178","2022","AMIODARONE","TABLET 200 MG","1575(E)","25-Mar-2026","₹ 11.79(1 Tablet)"
"","179","2022","AMITRIPTYLINE","TABLET 50 MG","1575(E)","25-Mar-2026","₹ 6.13(1 Tablet)"
"","180","2022","AMITRIPTYLINE","TABLET 10 MG","1575(E)","25-Mar-2026","₹ 2.45(1 Tablet)"
"","181","2022","AMITRIPTYLINE","TABLET 25 MG","1575(E)","25-Mar-2026","₹ 2.55(1 Tablet)"
"","182","2022","AMITRIPTYLINE","TABLET 75 MG","1575(E)","25-Mar-2026","₹ 5.58(1 Tablet)"
"","183","2022","AMLODIPINE","TABLET 5 MG","1575(E)","25-Mar-2026","₹ 2.56(1 Tablet)"
"","184","2022","AMLODIPINE","TABLET 10 MG","1575(E)","25-Mar-2026","₹ 5.58(1 Tablet)"
"","185","2022","AMLODIPINE","TABLET 2.5 MG","1575(E)","25-Mar-2026","₹ 1.83(1 Tablet)"
"","186","2022","AMOXICILLIN","CAPSULE 250 MG","1575(E)","25-Mar-2026","₹ 2.50(1 Capsule)"
"","187","2022","AMOXICILLIN","CAPSULE 500 MG","1575(E)","25-Mar-2026","₹ 7.54(1 Capsule)"
"","188","2022","AMOXICILLIN","ORAL LIQUID 250 MG/ 5 ML","1575(E)","25-Mar-2026","₹ 1.60(1 ML)"
"","189","2022","AMOXICILLIN (A) + CLAVULANIC ACID (B)","TABLET 500 MG (A)
+125 MG(B)","1575(E)","25-Mar-2026","₹ 18.74(1 Tablet)"
"","190","2022","AMOXYCILLIN","SUSPENSION 125 MG","1575(E)","25-Mar-2026","₹ 1.05(1 ML)"
"","191","2022","AMOXYCILLIN","INJECTION 250 MG","1575(E)","25-Mar-2026","₹ 25.38(Each Vial)"
"","192","2022","AMOXYCILLIN","INJECTION 500 MG","1575(E)","25-Mar-2026","₹ 55.96(Each Vial)"
"","193","2022","AMOXYCILLIN + CLAVULANIC ACID","DRY SYRUP 125/31.25 MG","1575(E)","25-Mar-2026","₹ 2.10(1 ML)"
"","194","2022","AMOXYCILLIN + CLAVULANIC ACID","ORAL SUSPENSION 200/28.5 MG","1575(E)","25-Mar-2026","₹ 2.07(1 ML)"
"","195","2022","AMOXYCILLIN + CLAVULANIC ACID","INJECTION 1000/200 MG","1575(E)","25-Mar-2026","₹ 145.06(Each Vial)( Pack)"
"","196","2022","AMOXYCILLIN + CLAVULANIC ACID","INJECTION 500/100 MG","1575(E)","25-Mar-2026","₹ 103.78(Each Vial)"
"","197","2022","AMPHOTERICIN B - CONVENTIONAL","INJECTION 50 MG","1575(E)","25-Mar-2026","₹ 232.86(Each Vial)"
"","198","2022","AMPHOTERICIN B - LIPID","INJECTION 50 MG","1575(E)","25-Mar-2026","₹ 1933.08(Each Vial)( Pack)"
"","199","2022","AMPHOTERICIN B - LIPOSOMAL","INJECTION 50 MG","1575(E)","25-Mar-2026","₹ 6807.87(Each Vial)( Pack)"
"","200","2022","AMPICILLIN","POWDER FOR INJECTION 500 MG","1575(E)","25-Mar-2026","₹ 14.59(Each Vial)"
"","201","2022","AMPICILLIN","POWDER FOR INJECTION 1000 MG","1575(E)","25-Mar-2026","₹ 25.51(Each Vial)"
"","202","2022","ANTI RABIES SERA - IMMUNOGLOBULINS","INJECTION 300 IU","1575(E)","25-Mar-2026","₹ 112.19(1 ML)( Pack)"
"","203","2022","ANTI RABIES SERA - IMMUNOGLOBULINS","INJECTION 150 IU","1575(E)","25-Mar-2026","₹ 3182.21(1 ML)( Pack)"
"","204","2022","ANTI RABIES VACCINE - ARV","VACCINE --","1575(E)","25-Mar-2026","₹ 387.80(Each Vial)"
"","205","2022","ARSENIC TRIOXIDE","INJECTION 1 MG","1575(E)","25-Mar-2026","₹ 31.27(1 ML)"
"","206","2022","ARTEMETHER (A)+LUMEFANTRINE (B)","TABLET 40 MG(A) + 240
MG(B)","1575(E)","25-Mar-2026","₹ 18.47(1 Tablet)"
"","207","2022","ARTEMETHER (A)+LUMEFANTRINE (B)","TABLET 80 MG(A) + 480
MG(B)","1575(E)","25-Mar-2026","₹ 26.12(1 Tablet)"
"","208","2022","ARTEMETHER + LUMEFANTRINE","TABLET 20/120 MG","1575(E)","25-Mar-2026","₹ 12.95(1 Tablet)"
"","209","2022","ARTESUNATE","POWDER FOR INJECTION 60 MG","1575(E)","25-Mar-2026","₹ 250.61(Each Vial)"
"","210","2022","ARTESUNATE","POWDER FOR INJECTION 120 MG","1575(E)","25-Mar-2026","₹ 465.35(Each Vial)"
"","211","2022","ARTESUNATE + SULFADOXINE + PYRIMETHAMINE","KIT 50/500/25 MG","1575(E)","25-Mar-2026","₹ 23.09(Combi Pack)"
"","212","2022","ASCORBIC ACID (VITAMIN C)","TABLET 500 MG","1575(E)","25-Mar-2026","₹ 1.58(1 Tablet)( Pack)"
"","213","2022","ASCORBIC ACID (VITAMIN C)","TABLET 100 MG","1575(E)","25-Mar-2026","₹ 0.24(1 Tablet)"
"","214","2022","ASPIRIN","TABLET DT 75 MG","1575(E)","25-Mar-2026","₹ 0.36(1 Tablet)"
"","215","2022","ASPIRIN","TABLET 325 MG","1575(E)","25-Mar-2026","₹ 0.68(1 Tablet)"
"","216","2022","ATAZANAVIR (A)+RITONAVIR (B)","TABLET 300 MG(A) + 100
MG(B)","1575(E)","25-Mar-2026","₹ 102.23(1 Tablet)"
"","217","2022","ATORVASTATIN","TABLET 40 MG","1575(E)","25-Mar-2026","₹ 19.77(1 Tablet)"
"","218","2022","ATORVASTATIN","TABLET 20 MG","1575(E)","25-Mar-2026","₹ 12.86(1 Tablet)"
"","219","2022","ATORVASTATIN","TABLET 80 MG","1575(E)","25-Mar-2026","₹ 41.56(1 Tablet)"
"","220","2022","ATORVASTATIN","TABLET 10 MG","1575(E)","25-Mar-2026","₹ 5.09(1 Tablet)( Pack)"
"","221","2022","ATRACURIUM","INJECTION 10 MG","1575(E)","25-Mar-2026","₹ 17.39(1 ML)"
"","222","2022","ATROPINE","INJECTION 0.6 MG/ ML","1575(E)","25-Mar-2026","₹ 7.03(1 ML)( Pack)"
"","223","2022","ATROPINE EYE DROPS / OINTMENT","DROPS 1 %","1575(E)","25-Mar-2026","₹ 4.04(1 ML)"
"","224","2022","ATROPINE EYE DROPS / OINTMENT","OINTMENT 1 %","1575(E)","25-Mar-2026","₹ 4.82(1 GM)"
"","225","2022","AZATHIOPRINE","TABLET 25 MG","1575(E)","25-Mar-2026","₹ 7.42(1 Tablet)"
"","226","2022","AZATHIOPRINE","TABLET 50 MG","1575(E)","25-Mar-2026","₹ 11.53(1 Tablet)"
"","227","2022","AZITHROMYCIN","ORAL LIQUID 200 MG/ 5 ML","1575(E)","25-Mar-2026","₹ 3.49(1 ML)"
"","228","2022","AZITHROMYCIN","TABLET 1000 MG","1575(E)","25-Mar-2026","₹ 59.17(1 Tablet)"
"","229","2022","AZITHROMYCIN","INJECTION 500 MG","1575(E)","25-Mar-2026","₹ 209.63(Each Vial)"
"","230","2022","AZITHROMYCIN","TABLET 250 MG","1575(E)","25-Mar-2026","₹ 11.95(1 Tablet)( Pack)"
"","231","2022","AZITHROMYCIN","TABLET 500 MG","1575(E)","25-Mar-2026","₹ 24.14(1 Tablet)"
"","232","2022","AZITHROMYCIN","CAPSULE 250 MG","1575(E)","25-Mar-2026","₹ 10.87(1 Capsule)"
"","233","2022","AZITHROMYCIN","CAPSULE 500 MG","1575(E)","25-Mar-2026","₹ 19.49(1 Capsule)"
"","234","2022","BACLOFEN","TABLET 10 MG","1575(E)","25-Mar-2026","₹ 12.19(1 Tablet)"
"","235","2022","BACLOFEN","TABLET 20 MG","1575(E)","25-Mar-2026","₹ 16.67(1 Tablet)"
"","236","2022","BACLOFEN","TABLET 5 MG","1575(E)","25-Mar-2026","₹ 6.52(1 Tablet)"
"","237","2022","BCG","VACCINE 40 MG","1575(E)","25-Mar-2026","₹ 8.20(Each Dose)( Pack)"
"","238","2022","BENDAMUSTINE","INJECTION 100 MG","1575(E)","25-Mar-2026","₹ 5065.58(Each Vial)"
"","239","2022","BENZATHINE BENZYLPENICILLIN","POWDER FOR INJECTION 1200000 IU","1575(E)","25-Mar-2026","₹ 20.28(Each Vial)"
"","240","2022","BENZATHINE BENZYLPENICILLIN","POWDER FOR INJECTION 600000 IU","1575(E)","25-Mar-2026","₹ 11.97(Each Vial)"
"","241","2022","BENZOYL PEROXIDE","GEL 3.5 %","1575(E)","25-Mar-2026","₹ 10.36(1 GM)"
"","242","2022","BENZOYL PEROXIDE","GEL 2.5 %","1575(E)","25-Mar-2026","₹ 3.70(1 GM)"
"","243","2022","BENZOYL PEROXIDE","GEL 5 %","1575(E)","25-Mar-2026","₹ 8.16(1 GM)"
"","244","2022","BETAMETHASONE","INJECTION 4 MG","1575(E)","25-Mar-2026","₹ 4.85(1 ML)"
"","245","2022","BETAMETHASONE","CREAM 0.1 %","1575(E)","25-Mar-2026","₹ 1.07(1 GM)"
"","246","2022","BETAMETHASONE","GEL 0.05 %","1575(E)","25-Mar-2026","₹ 0.48(1 GM)"
"","247","2022","BETAMETHASONE","CREAM 0.05 %","1575(E)","25-Mar-2026","₹ 0.68(1 GM)"
"","248","2022","BETAMETHASONE","LOTION 0.05 %","1575(E)","25-Mar-2026","₹ 0.67(1 ML)"
"","249","2022","BICALUTAMIDE","TABLET 50 MG","1575(E)","25-Mar-2026","₹ 44.34(1 Tablet)"
"","250","2022","BISACODYL","TABLET 5 MG","1575(E)","25-Mar-2026","₹ 1.20(1 Tablet)"
"","251","2022","BISACODYL","SUPPOSITORY 5 MG","1575(E)","25-Mar-2026","₹ 10.22(1 Suppository)"
"","252","2022","BLEOMYCIN","INJECTION 15 IU","1575(E)","25-Mar-2026","₹ 693.68(Each Vial)"
"","253","2022","BORTEZOMIB","POWDER FOR INJECTION 2 MG","1575(E)","25-Mar-2026","₹ 5386.81(Each Vial)"
"","254","2022","BUDESONIDE","INHALER 100 MCG","1575(E)","25-Mar-2026","₹ 13.46(1 ML)"
"","255","2022","BUDESONIDE","NASAL SPRAY 50 MCG","1575(E)","25-Mar-2026","₹ 12.19(1 ML)"
"","256","2022","BUDESONIDE","INHALER 200 MCG","1575(E)","25-Mar-2026","₹ 3.41(Per Dose)"
"","257","2022","BUDESONIDE","INHALER 200 MCG","1575(E)","25-Mar-2026","₹ 2.08(Per Metered Dose)"
"","258","2022","BUDESONIDE","INHALER 100 MCG","1575(E)","25-Mar-2026","₹ 1.44(Per Metered Dose)"
"","259","2022","BUDESONIDE NASAL SPRAY","NASAL SPRAY 100 MCG","1575(E)","25-Mar-2026","₹ 0.83(Per Dose)"
"","260","2022","BUPIVACAINE","INJECTION 0.5% with 7.5% Glucose","1575(E)","25-Mar-2026","₹ 7.57(1 ML)"
"","261","2022","BUPIVACAINE","INJECTION 0.5 %","1575(E)","25-Mar-2026","₹ 4.53(1 ML)"
"","262","2022","BUPIVACAINE","INJECTION 0.25 %","1575(E)","25-Mar-2026","₹ 2.90(1 ML)"
"","263","2022","BUPRENORPHINE","TABLET 0.4 MG","1575(E)","25-Mar-2026","₹ 9.65(1 Tablet)"
"","264","2022","BUPRENORPHINE + NALOXONE","TABLET 0.4/0.1 MG","1575(E)","25-Mar-2026","₹ 12.11(1 Tablet)"
"","265","2022","BUPRENORPHINE + NALOXONE","TABLET 2/0.5 MG","1575(E)","25-Mar-2026","₹ 37.86(1 Tablet)"
"","266","2022","CAFFEINE","ORAL LIQUID 20 MG/ML","1575(E)","25-Mar-2026","₹ 251.58(1 ML)"
"","267","2022","CAFFEINE","INJECTION 20 MG/ML","1575(E)","25-Mar-2026","₹ 256.52(1 ML)"
"","268","2022","CALAMINE","LOTION --","1575(E)","25-Mar-2026","₹ 0.98(1 ML)"
"","269","2022","CALCIUM FOLINATE","TABLET 15 MG","1575(E)","25-Mar-2026","₹ 48.68(1 Tablet)"
"","270","2022","CAPECITABINE","TABLET 500 MG","1575(E)","25-Mar-2026","₹ 115.43(1 Tablet)"
"","271","2022","CARBAMAZEPINE","MODIFIED RELEASE TABLET 200 MG","1575(E)","25-Mar-2026","₹ 2.46(1 Tablet)"
"","272","2022","CARBAMAZEPINE","TABLET 400 MG","1575(E)","25-Mar-2026","₹ 3.63(1 Tablet)"
"","273","2022","CARBAMAZEPINE","MODIFIED RELEASE TABLET 400 MG","1575(E)","25-Mar-2026","₹ 4.77(1 Tablet)"
"","274","2022","CARBAMAZEPINE","TABLET 100 MG","1575(E)","25-Mar-2026","₹ 1.10(1 Tablet)"
"","275","2022","CARBAMAZEPINE","TABLET 200 MG","1575(E)","25-Mar-2026","₹ 1.61(1 Tablet)"
"","276","2022","CARBAMAZEPINE","ORAL LIQUID 100 MG/ 5 ML","1575(E)","25-Mar-2026","₹ 0.32(1 ML)"
"","277","2022","CARBIMAZOLE","TABLET 20 MG","1575(E)","25-Mar-2026","₹ 14.20(1 Tablet)"
"","278","2022","CARBIMAZOLE","TABLET 10 MG","1575(E)","25-Mar-2026","₹ 4.36(1 Tablet)"
"","279","2022","CARBIMAZOLE","TABLET 5 MG","1575(E)","25-Mar-2026","₹ 2.24(1 Tablet)"
"","280","2022","CARBOPLATIN","INJECTION 10 MG","1575(E)","25-Mar-2026","₹ 60.49(1 ML)"
"","281","2022","CARBOXY METHYL CELLULOSE","EYE DROPS 1 %","1575(E)","25-Mar-2026","₹ 16.98(1 ML)"
"","282","2022","CARBOXY METHYL CELLULOSE","DROPS 0.5 %","1575(E)","25-Mar-2026","₹ 12.59(1 ML)"
"","283","2022","CEFADROXIL","TABLET 500 MG","1575(E)","25-Mar-2026","₹ 6.87(1 Tablet)( Pack)"
"","284","2022","CEFADROXIL","SUSPENSION 125 MG","1575(E)","25-Mar-2026","₹ 0.69(1 ML)"
"","285","2022","CEFIXIME","ORAL SUSPENSION 50 MG","1575(E)","25-Mar-2026","₹ 1.67(1 ML)"
"","286","2022","CEFIXIME","ORAL LIQUID 100 MG/ 5 ML","1575(E)","25-Mar-2026","₹ 2.45(1 ML)"
"","287","2022","CEFIXIME","TABLET 200 MG","1575(E)","25-Mar-2026","₹ 10.01(1 Tablet)"
"","288","2022","CEFIXIME","CAPSULE 200 MG","1575(E)","25-Mar-2026","₹ 15.04(1 Capsule)"
"","289","2022","CEFIXIME","TABLET 400 MG","1575(E)","25-Mar-2026","₹ 22.63(1 Tablet)"
"","290","2022","CEFOTAXIME","POWDER FOR INJECTION 250 MG","1575(E)","25-Mar-2026","₹ 18.15(Each Vial)"
"","291","2022","CEFOTAXIME","POWDER FOR INJECTION 1000 MG","1575(E)","25-Mar-2026","₹ 40.92(Each Vial)"
"","292","2022","CEFOTAXIME","POWDER FOR INJECTION 500 MG","1575(E)","25-Mar-2026","₹ 24.96(Each Vial)"
"","293","2022","CEFTAZIDIME","POWDER FOR INJECTION 1000 MG","1575(E)","25-Mar-2026","₹ 232.47(Each Vial)"
"","294","2022","CEFTAZIDIME","POWDER FOR INJECTION 250 MG","1575(E)","25-Mar-2026","₹ 80.97(Each Vial)"
"","295","2022","CEFTRIAXONE","POWDER FOR INJECTION 2000 MG","1575(E)","25-Mar-2026","₹ 141.43(Each Vial)"
"","296","2022","CEFTRIAXONE","POWDER FOR INJECTION 250 MG","1575(E)","25-Mar-2026","₹ 29.02(Each Vial)"
"","297","2022","CEFTRIAXONE","POWDER FOR INJECTION 500 MG","1575(E)","25-Mar-2026","₹ 51.49(Each Vial)"
"","298","2022","CEFTRIAXONE","POWDER FOR INJECTION 1000 MG","1575(E)","25-Mar-2026","₹ 63.88(Each Vial)"
"","299","2022","CEFUROXIME","ORAL SUSPENSION 125 MG","1575(E)","25-Mar-2026","₹ 5.44(1 ML)( Pack)"
"","300","2022","CEFUROXIME","TABLET 500 MG","1575(E)","25-Mar-2026","₹ 52.67(1 Tablet)"
"","301","2022","CEFUROXIME","INJECTION 1500 MG","1575(E)","25-Mar-2026","₹ 346.90(Each Vial)"
"","302","2022","CETIRIZINE","SUSPENSION 5 MG","1575(E)","25-Mar-2026","₹ 0.67(1 ML)"
"","303","2022","CETIRIZINE","TABLET 10 MG","1575(E)","25-Mar-2026","₹ 1.92(1 Tablet)"
"","304","2022","CHLORAMBUCIL","TABLET 5 MG","1575(E)","25-Mar-2026","₹ 79.06(1 Tablet)"
"","305","2022","CHLORAMBUCIL","TABLET 2 MG","1575(E)","25-Mar-2026","₹ 31.91(1 Tablet)"
"","306","2022","CHLOROQUINE","TABLET 150 MG","1575(E)","25-Mar-2026","₹ 1.36(1 Tablet)( Pack)"
"","307","2022","CHLOROQUINE","SUSPENSION 50 MG","1575(E)","25-Mar-2026","₹ 0.35(1 ML)"
"","308","2022","CIPROFLOXACIN","TABLET 500 MG","1575(E)","25-Mar-2026","₹ 4.35(1 Tablet)"
"","309","2022","CIPROFLOXACIN","OINTMENT 0.3 %","1575(E)","25-Mar-2026","₹ 1.32(1 GM)"
"","310","2022","CIPROFLOXACIN","DROPS 0.3 %","1575(E)","25-Mar-2026","₹ 1.58(1 ML)"
"","311","2022","CIPROFLOXACIN","TABLET 250 MG","1575(E)","25-Mar-2026","₹ 2.25(1 Tablet)"
"","312","2022","CIPROFLOXACIN","ORAL SUSPENSION 250 MG","1575(E)","25-Mar-2026","₹ 0.75(1 ML)"
"","313","2022","CIPROFLOXACIN","INJECTION 200 MG/ 100 ML","1575(E)","25-Mar-2026","₹ 0.20(1 ML)"
"","314","2022","CISPLATIN","INJECTION 1 MG","1575(E)","25-Mar-2026","₹ 7.26(1 ML)"
"","315","2022","CLARITHROMYCIN","SUSPENSION 125 MG","1575(E)","25-Mar-2026","₹ 4.76(1 ML)( Pack)"
"","316","2022","CLARITHROMYCIN","TABLET 500 MG","1575(E)","25-Mar-2026","₹ 40.79(1 Tablet)"
"","317","2022","CLARITHROMYCIN","TABLET 250 MG","1575(E)","25-Mar-2026","₹ 24.64(1 Tablet)( Pack)"
"","318","2022","CLINDAMYCIN","TABLET 300 MG","1575(E)","25-Mar-2026","₹ 19.43(1 Tablet)"
"","319","2022","CLINDAMYCIN","INJECTION 150 MG","1575(E)","25-Mar-2026","₹ 62.05(1 ML)"
"","320","2022","CLINDAMYCIN","CAPSULE 300 MG","1575(E)","25-Mar-2026","₹ 29.05(1 Capsule)"
"","321","2022","CLINDAMYCIN","CAPSULE 150 MG","1575(E)","25-Mar-2026","₹ 16.75(1 Capsule)"
"","322","2022","CLOBAZAM","TABLET 5 MG","1575(E)","25-Mar-2026","₹ 5.87(1 Tablet)"
"","323","2022","CLOBAZAM","TABLET 10 MG","1575(E)","25-Mar-2026","₹ 10.08(1 Tablet)"
"","324","2022","CLOFAZIMINE","CAPSULE 100 MG","1575(E)","25-Mar-2026","₹ 4.08(1 Capsule)"
"","325","2022","CLOFAZIMINE","CAPSULE 50 MG","1575(E)","25-Mar-2026","₹ 2.16(1 Capsule)"
"","326","2022","CLOMIFENE","CAPSULE 100 MG","1575(E)","25-Mar-2026","₹ 52.37(1 Capsule)"
"","327","2022","CLOMIFENE","CAPSULE 50 MG","1575(E)","25-Mar-2026","₹ 28.03(1 Capsule)"
"","328","2022","CLOMIPHENE","TABLET 100 MG","1575(E)","25-Mar-2026","₹ 14.28(1 Tablet)"
"","329","2022","CLOMIPHENE","TABLET 50 MG","1575(E)","25-Mar-2026","₹ 9.05(1 Tablet)"
"","330","2022","CLOMIPRAMINE","TABLET 75 MG","1575(E)","25-Mar-2026","₹ 16.86(1 Tablet)"
"","331","2022","CLOMIPRAMINE","TABLET 25 MG","1575(E)","25-Mar-2026","₹ 6.37(1 Tablet)"
"","332","2022","CLOMIPRAMINE","TABLET 10 MG","1575(E)","25-Mar-2026","₹ 2.92(1 Tablet)"
"","333","2022","CLONAZEPAM","TABLET 1 MG","1575(E)","25-Mar-2026","₹ 4.88(1 Tablet)"
"","334","2022","CLONAZEPAM","TABLET 0.25 MG","1575(E)","25-Mar-2026","₹ 2.07(1 Tablet)"
"","335","2022","CLONAZEPAM","TABLET 0.5 MG","1575(E)","25-Mar-2026","₹ 3.53(1 Tablet)"
"","336","2022","CLOPIDOGREL","TABLET 150 MG","1575(E)","25-Mar-2026","₹ 20.98(1 Tablet)"
"","337","2022","CLOPIDOGREL","TABLET 75 MG","1575(E)","25-Mar-2026","₹ 6.82(1 Tablet)"
"","338","2022","CLOTRIMAZOLE","PESSARY 100 MG","1575(E)","25-Mar-2026","₹ 10.25(1 Pessary)"
"","339","2022","CLOTRIMAZOLE","LOTION 1 %","1575(E)","25-Mar-2026","₹ 3.99(1 ML)"
"","340","2022","CLOTRIMAZOLE","EAR DROPS 1 %","1575(E)","25-Mar-2026","₹ 3.45(1 ML)"
"","341","2022","CLOTRIMAZOLE","CREAM 1 %","1575(E)","25-Mar-2026","₹ 3.07(1 GM)"
"","342","2022","CLOXACILLIN","CAPSULE 250 MG","1575(E)","25-Mar-2026","₹ 1.44(1 Capsule)"
"","343","2022","CLOXACILLIN","CAPSULE 500 MG","1575(E)","25-Mar-2026","₹ 2.44(1 Capsule)"
"","344","2022","CLOZAPINE","TABLET 100 MG","1575(E)","25-Mar-2026","₹ 8.66(1 Tablet)"
"","345","2022","CLOZAPINE","TABLET 50 MG","1575(E)","25-Mar-2026","₹ 5.31(1 Tablet)"
"","346","2022","CLOZAPINE","TABLET 25 MG","1575(E)","25-Mar-2026","₹ 2.85(1 Tablet)"
"","347","2022","COLCHICINE","TABLET 0.5 MG","1575(E)","25-Mar-2026","₹ 3.34(1 Tablet)"
"","348","2022","CO-TRIMOXAZOLE (SULPHAMETHOXAZOLE(A)+TRIMETHOPRIM(B)]","TABLET 800 MG(A)+160
MG(B)","1575(E)","25-Mar-2026","₹ 2.36(1 Tablet)"
"","349","2022","CO-TRIMOXAZOLE (SULPHAMETHOXAZOLE(A)+TRIMETHOPRIM(B)]","TABLET 400 MG(A)+80
MG(B)","1575(E)","25-Mar-2026","₹ 0.93(1 Tablet)"
"","350","2022","CYCLOPHOSPHAMIDE","POWDER FOR INJECTION 500 MG","1575(E)","25-Mar-2026","₹ 75.25(Each Vial)"
"","351","2022","CYCLOPHOSPHAMIDE","TABLET 50 MG","1575(E)","25-Mar-2026","₹ 3.81(1 Tablet)"
"","352","2022","CYCLOSERINE","CAPSULE 250 MG","1575(E)","25-Mar-2026","₹ 60.61(1 Capsule)"
"","353","2022","CYCLOSERINE","TABLET 250 MG","1575(E)","25-Mar-2026","₹ 47.11(1 Tablet)"
"","354","2022","CYCLOSPORINE","CAPSULE 25 MG","1575(E)","25-Mar-2026","₹ 28.72(1 Capsule)"
"","355","2022","CYCLOSPORINE","ORAL LIQUID 100 MG/ML","1575(E)","25-Mar-2026","₹ 82.51(1 ML)"
"","356","2022","CYCLOSPORINE","CAPSULE 50 MG","1575(E)","25-Mar-2026","₹ 56.43(1 Capsule)"
"","357","2022","CYCLOSPORINE","CAPSULE 100 MG","1575(E)","25-Mar-2026","₹ 105.59(1 Capsule)"
"","358","2022","Cytosine arabinoside","INJECTION 500 MG","1575(E)","25-Mar-2026","₹ 549.20(Each Vial)"
"","359","2022","Cytosine arabinoside","INJECTION 1000 MG","1575(E)","25-Mar-2026","₹ 1157.47(Each Vial)"
"","360","2022","Cytosine arabinoside","INJECTION 100 MG","1575(E)","25-Mar-2026","₹ 142.94(Each Vial)"
"","361","2022","DABIGATRAN","CAPSULE 150 MG","1575(E)","25-Mar-2026","₹ 36.45(1 Capsule)"
"","362","2022","DABIGATRAN","CAPSULE 110 MG","1575(E)","25-Mar-2026","₹ 32.57(1 Capsule)"
"","363","2022","DACARBAZINE","POWDER FOR INJECTION 200 MG","1575(E)","25-Mar-2026","₹ 390.91(Each Vial)"
"","364","2022","DACARBAZINE","POWDER FOR INJECTION 500 MG","1575(E)","25-Mar-2026","₹ 531.29(Each Vial)"
"","365","2022","DACLATASVIR","TABLET 60 MG","1575(E)","25-Mar-2026","₹ 204.77(1 Tablet)"
"","366","2022","DAPSONE","TABLET 100 MG","1575(E)","25-Mar-2026","₹ 0.42(1 Tablet)"
"","367","2022","DARUNAVIR","TABLET 600 MG","1575(E)","25-Mar-2026","₹ 158.15(1 Tablet)"
"","368","2022","DARUNAVIR + RITONAVIR","TABLET 600/100 MG","1575(E)","25-Mar-2026","₹ 149.98(1 Tablet)"
"","369","2022","DESFERRIOXAMINE","POWDER FOR INJECTION 500 MG","1575(E)","25-Mar-2026","₹ 289.77(Each Vial)( Pack)"
"","370","2022","DEXAMETHASONE","INJECTION 4 MG/ML","1575(E)","25-Mar-2026","₹ 1.38(Each Pack (20 ml))"
"","371","2022","DEXAMETHASONE","TABLET 0.5 MG","1575(E)","25-Mar-2026","₹ 0.22(1 Tablet)"
"","372","2022","DEXAMETHASONE","TABLET 4 MG","1575(E)","25-Mar-2026","₹ 4.73(1 Tablet)"
"","373","2022","DEXAMETHASONE","INJECTION 4 MG/ML","1575(E)","25-Mar-2026","₹ 1.61(10 ml Pack)"
"","374","2022","DEXAMETHASONE","INJECTION 4 MG/ML","1575(E)","25-Mar-2026","₹ 2.63(1 ML)"
"","375","2022","DEXAMETHASONE","INJECTION 4 MG/ML","1575(E)","25-Mar-2026","₹ 5.21(2 ML Pack)"
"","376","2022","DEXAMETHASONE","INJECTION 4 MG/ML","1575(E)","25-Mar-2026","₹ 0.93(Each Pack (30 ml))"
"","377","2022","DIAZEPAM","INJECTION 5 MG/ML","1575(E)","25-Mar-2026","₹ 5.68(1 ML)"
"","378","2022","DIAZEPAM","TABLET 2 MG","1575(E)","25-Mar-2026","₹ 1.48(1 Tablet)"
"","379","2022","DIAZEPAM","TABLET 5 MG","1575(E)","25-Mar-2026","₹ 1.67(1 Tablet)"
"","380","2022","DIAZEPAM","SUPPOSITORY 5 MG","1575(E)","25-Mar-2026","₹ 6.34(1 Suppository)"
"","381","2022","DICLOFENAC","TABLET 50 MG","1575(E)","25-Mar-2026","₹ 2.10(1 Tablet)"
"","382","2022","DICLOFENAC","INJECTION 25 MG/ML","1575(E)","25-Mar-2026","₹ 1.73(1 ML)"
"","383","2022","DICYCLOMINE","INJECTION 10 MG","1575(E)","25-Mar-2026","₹ 2.15(1 ML (10 ML & more pack))"
"","384","2022","DICYCLOMINE","INJECTION 10 MG","1575(E)","25-Mar-2026","₹ 3.40(1 ML (Less than 10 ML Pack))"
"","385","2022","DIETHYLCARBAMAZINE","TABLET 50 MG","1575(E)","25-Mar-2026","₹ 0.57(1 Tablet)"
"","386","2022","DIETHYLCARBAMAZINE","SYRUP 120 MG","1575(E)","25-Mar-2026","₹ 0.49(1 ML)"
"","387","2022","DIETHYLCARBAMAZINE","TABLET 100 MG","1575(E)","25-Mar-2026","₹ 1.71(1 Tablet)"
"","388","2022","DIGOXIN","ORAL LIQUID 0.05 MG/ML","1575(E)","25-Mar-2026","₹ 1.51(1 ML)"
"","389","2022","DIGOXIN","TABLET 0.25 MG","1575(E)","25-Mar-2026","₹ 1.36(1 Tablet)"
"","390","2022","DIGOXIN","INJECTION 0.25 MG/ML","1575(E)","25-Mar-2026","₹ 3.97(1 ML)"
"","391","2022","DILTIAZEM","TABLET 60 MG","1575(E)","25-Mar-2026","₹ 5.60(1 Tablet)"
"","392","2022","DILTIAZEM","TABLET 30 MG","1575(E)","25-Mar-2026","₹ 2.75(1 Tablet)"
"","393","2022","DILTIAZEM","INJECTION 5 MG/ML","1575(E)","25-Mar-2026","₹ 3.58(1 ML)"
"","394","2022","DILTIAZEM","MODIFIED RELEASE CAPSULE 180 MG","1575(E)","25-Mar-2026","₹ 26.89(1 Capsule)( Pack)"
"","395","2022","DINOPROSTONE","GEL 0.5 MG","1575(E)","25-Mar-2026","₹ 86.75(1 GM)"
"","396","2022","DOBUTAMINE","INJECTION 50 MG/ML","1575(E)","25-Mar-2026","₹ 9.25(1 ML)"
"","397","2022","DOCETAXEL","POWDER FOR INJECTION 20 MG","1575(E)","25-Mar-2026","₹ 2937.26(Each Vial)"
"","398","2022","DOCETAXEL","POWDER FOR INJECTION 80 MG","1575(E)","25-Mar-2026","₹ 10581.80(Each Vial)"
"","399","2022","DOLUTEGRAVIR","TABLET 50 MG","1575(E)","25-Mar-2026","₹ 115.49(1 Tablet)"
"","400","2022","DOLUTEGRAVIR + LAMIVUDINE + TENOFOVIR","TABLET 50/300/300 MG","1575(E)","25-Mar-2026","₹ 117.74(1 Tablet)"
"","401","2022","DOMPERIDONE","TABLET 10 MG","1575(E)","25-Mar-2026","₹ 2.37(1 Tablet)"
"","402","2022","DOMPERIDONE","ORAL LIQUID 1 MG/ML","1575(E)","25-Mar-2026","₹ 1.27(1 ML)"
"","403","2022","DONEPEZIL","TABLET 10 MG","1575(E)","25-Mar-2026","₹ 17.88(1 Tablet)"
"","404","2022","DONEPEZIL","TABLET 5 MG","1575(E)","25-Mar-2026","₹ 12.40(1 Tablet)"
"","405","2022","DOPAMINE","INJECTION 40 MG/ML","1575(E)","25-Mar-2026","₹ 4.88(1 ML)"
"","406","2022","DOXORUBICIN","INJECTION 2 MG/ML","1575(E)","25-Mar-2026","₹ 32.51(1 ML)"
"","407","2022","DOXYCYCLINE","INJECTION 100 MG","1575(E)","25-Mar-2026","₹ 514.70(Each Vial)"
"","408","2022","DOXYCYCLINE","TABLET 100 MG","1575(E)","25-Mar-2026","₹ 1.25(1 Tablet)"
"","409","2022","DOXYCYCLINE","CAPSULE 100 MG","1575(E)","25-Mar-2026","₹ 3.15(1 Capsule)"
"","410","2022","DPT + Hib + Hep B","VACCINE --","1575(E)","25-Mar-2026","₹ 77.47(Per 0.1 ml)"
"","411","2022","EFAVIRENZ","CAPSULE 200 MG","1575(E)","25-Mar-2026","₹ 22.51(1 Capsule)"
"","412","2022","EFAVIRENZ","TABLET 600 MG","1575(E)","25-Mar-2026","₹ 72.29(1 Tablet)"
"","413","2022","EFAVIRENZ","CAPSULE 600 MG","1575(E)","25-Mar-2026","₹ 57.03(1 Capsule)"
"","414","2022","EFAVIRENZ","TABLET 200 MG","1575(E)","25-Mar-2026","₹ 23.08(1 Tablet)"
"","415","2022","ENALAPRIL","TABLET 2.5 MG","1575(E)","25-Mar-2026","₹ 2.24(1 Tablet)"
"","416","2022","ENALAPRIL","TABLET 5 MG","1575(E)","25-Mar-2026","₹ 3.78(1 Tablet)"
"","417","2022","ENOXAPARIN","INJECTION 60 MG/ 0.6 ML","1575(E)","25-Mar-2026","₹ 114.67(0.1 ml)"
"","418","2022","ENOXAPARIN","INJECTION 40 MG/ 0.4 ML","1575(E)","25-Mar-2026","₹ 114.67(0.1 ml)"
"","419","2022","ENTECAVIR","TABLET 1 MG","1575(E)","25-Mar-2026","₹ 133.36(1 Tablet)"
"","420","2022","ENTECAVIR","TABLET 0.5 MG","1575(E)","25-Mar-2026","₹ 86.47(1 Tablet)"
"","421","2022","ERYTHROPOIETIN","INJECTION 10000 IU/ML","1575(E)","25-Mar-2026","₹ 2016.38(1 ML)"
"","422","2022","ERYTHROPOIETIN","INJECTION 2000 IU/ML","1575(E)","25-Mar-2026","₹ 562.77(1 ML)"
"","423","2022","ESCITALOPRAM","TABLET 5 MG","1575(E)","25-Mar-2026","₹ 5.14(1 Tablet)"
"","424","2022","ESCITALOPRAM","TABLET 10 MG","1575(E)","25-Mar-2026","₹ 9.22(1 Tablet)"
"","425","2022","ESCITALOPRAM","TABLET 20 MG","1575(E)","25-Mar-2026","₹ 14.70(1 Tablet)"
"","426","2022","ESMOLOL","INJECTION 10 MG/ML","1575(E)","25-Mar-2026","₹ 27.01(1 ML)"
"","427","2022","ETHAMBUTOL","TABLET 600 MG","1575(E)","25-Mar-2026","₹ 4.18(1 Tablet)"
"","428","2022","ETHAMBUTOL","TABLET 200 MG","1575(E)","25-Mar-2026","₹ 1.17(1 Tablet)"
"","429","2022","ETHAMBUTOL","TABLET 800 MG","1575(E)","25-Mar-2026","₹ 5.08(1 Tablet)"
"","430","2022","ETHAMBUTOL","TABLET 400 MG","1575(E)","25-Mar-2026","₹ 2.68(1 Tablet)"
"","431","2022","ETHINYLESTRADIOL (A)+LEVONORGESTREL (B)","TABLET 0.03 MG(A) + 0.15
MG(B)","1575(E)","25-Mar-2026","₹ 3.25(1 Tablet)"
"","432","2022","ETHIONAMIDE","TABLET 250 MG","1575(E)","25-Mar-2026","₹ 15.17(1 Tablet)"
"","433","2022","Ethyl Alcohol (Denatured)","SOLUTION 70 %","1575(E)","25-Mar-2026","₹ 0.40(1 ML)"
"","434","2022","ETOPOSIDE","CAPSULE 50 MG","1575(E)","25-Mar-2026","₹ 57.99(1 Capsule)"
"","435","2022","ETOPOSIDE","INJECTION 20 MG/ML","1575(E)","25-Mar-2026","₹ 35.34(1 ML)"
"","436","2022","FENTANYL","INJECTION 50 MCG/ML","1575(E)","25-Mar-2026","₹ 21.46(1 ML)"
"","437","2022","FILGRASTIM","INJECTION 300 MCG","1575(E)","25-Mar-2026","₹ 1187.83(Each Vial)"
"","438","2022","FLUCONAZOLE","TABLET 100 MG","1575(E)","25-Mar-2026","₹ 7.80(1 Tablet)"
"","439","2022","FLUCONAZOLE","INJECTION 200 MG/ 100 ML","1575(E)","25-Mar-2026","₹ 94.55(Each Vial)"
"","440","2022","FLUCONAZOLE","CAPSULE 200 MG","1575(E)","25-Mar-2026","₹ 41.08(1 Capsule)"
"","441","2022","FLUCONAZOLE","CAPSULE 150 MG","1575(E)","25-Mar-2026","₹ 19.68(1 Capsule)"
"","442","2022","FLUCONAZOLE","CAPSULE 100 MG","1575(E)","25-Mar-2026","₹ 21.91(1 Capsule)"
"","443","2022","FLUCONAZOLE","TABLET 50 MG","1575(E)","25-Mar-2026","₹ 9.91(1 Tablet)"
"","444","2022","FLUCONAZOLE","TABLET 400 MG","1575(E)","25-Mar-2026","₹ 30.47(1 Tablet)"
"","445","2022","FLUCONAZOLE","TABLET 200 MG","1575(E)","25-Mar-2026","₹ 17.88(1 Tablet)"
"","446","2022","FLUCONAZOLE","TABLET 150 MG","1575(E)","25-Mar-2026","₹ 12.35(1 Tablet)"
"","447","2022","FLUDROCORTISONE","TABLET 100 MCG","1575(E)","25-Mar-2026","₹ 13.52(1 Tablet)"
"","448","2022","FLUNARIZINE","TABLET 5 MG","1575(E)","25-Mar-2026","₹ 2.54(1 Tablet)"
"","449","2022","FLUNARIZINE","TABLET 10 MG","1575(E)","25-Mar-2026","₹ 4.93(1 Tablet)"
"","450","2022","FLUOXETINE","TABLET 20 MG","1575(E)","25-Mar-2026","₹ 4.25(1 Tablet)"
"","451","2022","FLUOXETINE","TABLET 60 MG","1575(E)","25-Mar-2026","₹ 8.44(1 Tablet)"
"","452","2022","FLUOXETINE","TABLET 10 MG","1575(E)","25-Mar-2026","₹ 2.85(1 Tablet)"
"","453","2022","FLUOXETINE","TABLET 40 MG","1575(E)","25-Mar-2026","₹ 5.70(1 Tablet)"
"","454","2022","FLUOXETINE","CAPSULE 40 MG","1575(E)","25-Mar-2026","₹ 6.64(1 Capsule)"
"","455","2022","FLUOXETINE","CAPSULE 10 MG","1575(E)","25-Mar-2026","₹ 3.40(1 Capsule)"
"","456","2022","FLUOXETINE","CAPSULE 60 MG","1575(E)","25-Mar-2026","₹ 11.36(1 Capsule)"
"","457","2022","FLUOXETINE","CAPSULE 20 MG","1575(E)","25-Mar-2026","₹ 4.09(1 Capsule)"
"","458","2022","FLUPHENAZINE","INJECTION 25 MG","1575(E)","25-Mar-2026","₹ 56.59(1 ML)"
"","459","2022","FOLIC ACID","TABLET 5 MG","1575(E)","25-Mar-2026","₹ 1.55(1 Tablet)"
"","460","2022","FOLIC ACID","CAPSULE 5 MG","1575(E)","25-Mar-2026","₹ 5.16(1 Capsule)"
"","461","2022","FORMOTERAL + BUDESONIDE","CAPSULE 6/100 MCG","1575(E)","25-Mar-2026","₹ 4.43(Per Dose)"
"","462","2022","FORMOTERAL + BUDESONIDE","INHALER 6/400 MCG","1575(E)","25-Mar-2026","₹ 3.45(Per Metered Dose)( Pack)"
"","463","2022","FORMOTERAL + BUDESONIDE","INHALER 6/400 MCG","1575(E)","25-Mar-2026","₹ 7.12(Per Dose)"
"","464","2022","FORMOTERAL + BUDESONIDE","INHALER 6/200 MCG","1575(E)","25-Mar-2026","₹ 3.03(Per Metered Dose)( Pack)"
"","465","2022","FORMOTERAL + BUDESONIDE","INHALER 6/200 MCG","1575(E)","25-Mar-2026","₹ 5.86(Per Dose)"
"","466","2022","FORMOTERAL + BUDESONIDE","INHALER 6/100 MCG","1575(E)","25-Mar-2026","₹ 2.17(Per Metered Dose)"
"","467","2022","FRAMYCETIN","CREAM 1 %","1575(E)","25-Mar-2026","₹ 1.70(1 GM)"
"","468","2022","FUROSEMIDE","INJECTION 10 MG/ML","1575(E)","25-Mar-2026","₹ 3.06(1 ML)"
"","469","2022","FUROSEMIDE","TABLET 40 MG","1575(E)","25-Mar-2026","₹ 0.94(1 Tablet)"
"","470","2022","FUROSEMIDE","ORAL LIQUID 10 MG/ML","1575(E)","25-Mar-2026","₹ 3.40(1 ML)"
"","471","2022","FUSIDIC ACID","CREAM 2 %","1575(E)","25-Mar-2026","₹ 10.06(1 GM)"
"","472","2022","GEFITINIB","TABLET 250 MG","1575(E)","25-Mar-2026","₹ 242.84(1 Tablet)"
"","473","2022","GEMCITABINE","POWDER FOR INJECTION 1000 MG","1575(E)","25-Mar-2026","₹ 5726.83(Each Vial)"
"","474","2022","GEMCITABINE","POWDER FOR INJECTION 200 MG","1575(E)","25-Mar-2026","₹ 1331.01(Each Vial)"
"","475","2022","GENTAMICIN","INJECTION 40 MG","1575(E)","25-Mar-2026","₹ 1.55(Each Pack (10 ML))"
"","476","2022","GENTAMICIN","INJECTION 40 MG","1575(E)","25-Mar-2026","₹ 4.96(2 ML Pack)"
"","477","2022","GENTAMICIN","INJECTION 40 MG","1575(E)","25-Mar-2026","₹ 2.97(1 ML)"
"","478","2022","GENTAMICIN","INJECTION 10 MG","1575(E)","25-Mar-2026","₹ 2.47(1 ML)"
"","479","2022","GENTAMICIN","INJECTION 40 MG","1575(E)","25-Mar-2026","₹ 1.59(Each Pack (20 ml))"
"","480","2022","GENTAMICIN","INJECTION 40 MG","1575(E)","25-Mar-2026","₹ 1.26(Each Pack (30 ml))"
"","481","2022","GLARGINE","DISPOSABLE PEN 100 IU","1575(E)","25-Mar-2026","₹ 250.00(1 ML)"
"","482","2022","GLARGINE","INJECTION 100 IU","1575(E)","25-Mar-2026","₹ 208.34(1 ML)"
"","483","2022","GLIMEPIRIDE","TABLET 1 MG","1575(E)","25-Mar-2026","₹ 3.78(1 Tablet)"
"","484","2022","GLIMEPIRIDE","TABLET 2 MG","1575(E)","25-Mar-2026","₹ 5.94(1 Tablet)"
"","485","2022","GLUCOSE","INFUSION 25 %","1575(E)","25-Mar-2026","₹ 0.20(1 ML)"
"","486","2022","GLYCEROL","CREAM 15 %","1575(E)","25-Mar-2026","₹ 2.43(1 GM)"
"","487","2022","GLYCEROL","LOTION 15 %","1575(E)","25-Mar-2026","₹ 1.26(1 ML)"
"","488","2022","GLYCERYL TRINITRATE","SUBLINGUAL TABLET 0.5 MG","1575(E)","25-Mar-2026","₹ 1.30(1 Tablet)"
"","489","2022","GLYCERYL TRINITRATE","INJECTION 5 MG/ML","1575(E)","25-Mar-2026","₹ 6.34(1 ML)"
"","490","2022","GLYCOPYRROLATE","INJECTION 0.2 MG/ML","1575(E)","25-Mar-2026","₹ 14.88(1 ML)"
"","491","2022","GRISEOFULVIN","TABLET 250 MG","1575(E)","25-Mar-2026","₹ 1.81(1 Tablet)"
"","492","2022","HALOPERIDOL","LIQUID 2 MG","1575(E)","25-Mar-2026","₹ 2.29(1 ML)"
"","493","2022","HALOPERIDOL","INJECTION 5 MG/ML","1575(E)","25-Mar-2026","₹ 6.66(1 ML)"
"","494","2022","HALOPERIDOL","TABLET 5 MG","1575(E)","25-Mar-2026","₹ 3.65(1 Tablet)"
"","495","2022","HALOPERIDOL","TABLET 10 MG","1575(E)","25-Mar-2026","₹ 4.89(1 Tablet)"
"","496","2022","HALOPERIDOL","TABLET 1.5 MG","1575(E)","25-Mar-2026","₹ 1.62(1 Tablet)"
"","497","2022","HALOPERIDOL","TABLET 20 MG","1575(E)","25-Mar-2026","₹ 5.49(1 Tablet)"
"","498","2022","HALOTHANE","LIQUID 100 %","1575(E)","25-Mar-2026","₹ 6.25(1 ML)"
"","499","2022","HEPATITIS B","VACCINE --","1575(E)","25-Mar-2026","₹ 80.71(1 ML)"
"","500","2022","HEPATITIS IMMUNOGLOBULIN","INJECTION --","1575(E)","25-Mar-2026","₹ 5630.73(Each Vial)"
"","501","2022","HOMATROPINE EYE DROPS / OINTMENT","EYE DROPS 2 %","1575(E)","25-Mar-2026","₹ 6.55(1 ML)"
"","502","2022","HORMONE RELEASING IUD","DEVICE CONTAINS 52 MGOF
LEVONORGESTREL","1575(E)","25-Mar-2026","₹ 4202.05(1 IUD)"
"","503","2022","HUMAN CHORIONIC GONADOTROPIN","INJECTION 2000 IU","1575(E)","25-Mar-2026","₹ 351.90(Each Vial)"
"","504","2022","HUMAN CHORIONIC GONADOTROPIN","INJECTION 5000 IU/ML","1575(E)","25-Mar-2026","₹ 427.50(Each Vial)"
"","505","2022","HUMAN CHORIONIC GONADOTROPIN","INJECTION 10000 IU","1575(E)","25-Mar-2026","₹ 950.59(Each Vial)"
"","506","2022","Human Normal Immunoglobulin","INFUSION 5 %","1575(E)","25-Mar-2026","₹ 149.57(1 ML)"
"","507","2022","Human Normal Immunoglobulin","INFUSION 10 %","1575(E)","25-Mar-2026","₹ 207.87(1 ML)"
"","508","2022","Human Normal Immunoglobulin","INFUSION 16.5 %","1575(E)","25-Mar-2026","₹ 481.68(1 ML)"
"","509","2022","HUMAN PREMIX INSULIN","INJECTION 40 IU","1575(E)","25-Mar-2026","₹ 17.40(1 ML)"
"","510","2022","HYDROCHLOROTHIAZIDE","TABLET 25 MG","1575(E)","25-Mar-2026","₹ 1.79(1 Tablet)"
"","511","2022","HYDROCHLOROTHIAZIDE","TABLET 12.5 MG","1575(E)","25-Mar-2026","₹ 1.07(1 Tablet)"
"","512","2022","HYDROCORTISONE","TABLET 20 MG","1575(E)","25-Mar-2026","₹ 15.25(1 Tablet)"
"","513","2022","HYDROCORTISONE","TABLET 10 MG","1575(E)","25-Mar-2026","₹ 6.86(1 Tablet)"
"","514","2022","HYDROCORTISONE","TABLET 5 MG","1575(E)","25-Mar-2026","₹ 3.19(1 Tablet)"
"","515","2022","HYDROCORTISONE","POWDER FOR INJECTION 100 MG","1575(E)","25-Mar-2026","₹ 45.87(Each Vial)"
"","516","2022","HYDROCORTISONE","INJECTION 200 MG","1575(E)","25-Mar-2026","₹ 67.17(Each Vial)"
"","517","2022","HYDROXYCHLOROQUINE","TABLET 200 MG","1575(E)","25-Mar-2026","₹ 6.51(1 Tablet)"
"","518","2022","HYDROXYCHLOROQUINE","TABLET 400 MG","1575(E)","25-Mar-2026","₹ 14.13(1 Tablet)"
"","519","2022","HYDROXY PROPYL METHYL CELLULOSE (2 % W/ V)","PREFILLED SYRINGE --","1575(E)","25-Mar-2026","₹ 29.91(1 ML)"
"","520","2022","HYDROXYUREA","CAPSULE 500 MG","1575(E)","25-Mar-2026","₹ 12.41(1 Capsule)"
"","521","2022","HYOSCINE","INJECTION 20 MG","1575(E)","25-Mar-2026","₹ 11.51(1 ML)"
"","522","2022","IBUPROFEN","TABLET 400 MG","1575(E)","25-Mar-2026","₹ 1.23(1 Tablet)"
"","523","2022","IBUPROFEN","CAPSULE 400 MG","1575(E)","25-Mar-2026","₹ 1.34(1 Capsule)"
"","524","2022","IBUPROFEN","TABLET 200 MG","1575(E)","25-Mar-2026","₹ 0.72(1 Tablet)"
"","525","2022","IBUPROFEN","ORAL LIQUID 100 MG/ 5 ML","1575(E)","25-Mar-2026","₹ 0.22(1 ML)"
"","526","2022","IFOSFAMIDE","INJECTION 1000 MG","1575(E)","25-Mar-2026","₹ 326.61(Each Vial)"
"","527","2022","IFOSFAMIDE","INJECTION 2000 MG","1575(E)","25-Mar-2026","₹ 658.59(Each Vial)"
"","528","2022","IMATINIB","TABLET 400 MG","1575(E)","25-Mar-2026","₹ 204.41(1 Tablet)"
"","529","2022","IMATINIB","TABLET 100 MG","1575(E)","25-Mar-2026","₹ 71.42(1 Tablet)"
"","530","2022","IMATINIB MESYLATE","CAPSULE 100 MG","1575(E)","25-Mar-2026","₹ 75.25(1 Capsule)"
"","531","2022","INTERMEDIATE-ACTING INSULIN(SOLUBLE)","INJECTION 40 IU/ ML","1575(E)","25-Mar-2026","₹ 17.40(1 ML)"
"","532","2022","INTERMEDIATE-ACTING INSULIN(SOLUBLE)","INJECTION 40 IU/ ML","1575(E)","25-Mar-2026","₹ 17.40(1 ML)"
"","533","2022","IOHEXOL","INJECTION 300 MG","1575(E)","25-Mar-2026","₹ 19.87(1 ML)( Pack)"
"","534","2022","IOHEXOL","INFUSION 350 MG","1575(E)","25-Mar-2026","₹ 14.58(1 ML)"
"","535","2022","IPRATROPIUM","SOLUTION 250 MCG","1575(E)","25-Mar-2026","₹ 2.98(1 ML)"
"","536","2022","IRINOTECAN","INJECTION 40 MG","1575(E)","25-Mar-2026","₹ 988.06(1 ML)"
"","537","2022","IRON SUCROSE","INJECTION 20 MG/ML","1575(E)","25-Mar-2026","₹ 58.79(1 ML)"
"","538","2022","ISOFLURANE","LIQUID 100 %","1575(E)","25-Mar-2026","₹ 9.88(1 ML)"
"","539","2022","ISONIAZID","TABLET 100 MG","1575(E)","25-Mar-2026","₹ 0.74(1 Tablet)( Pack)"
"","540","2022","ISONIAZID","TABLET 300 MG","1575(E)","25-Mar-2026","₹ 1.32(1 Tablet)"
"","541","2022","ISOSORBIDE DINITRATE","TABLET 5 MG","1575(E)","25-Mar-2026","₹ 0.84(1 Tablet)"
"","542","2022","ISOSORBIDE DINITRATE","TABLET 10 MG","1575(E)","25-Mar-2026","₹ 0.83(1 Tablet)"
"","543","2022","ISPAGHULA","POWDER --","1575(E)","25-Mar-2026","₹ 0.97(1 GM)"
"","544","2022","ITRACONAZOLE","CAPSULE 100 MG","1575(E)","25-Mar-2026","₹ 17.07(1 Capsule)"
"","545","2022","ITRACONAZOLE","ORAL SOLUTION 10 MG","1575(E)","25-Mar-2026","₹ 5.06(1 ML)"
"","546","2022","ITRACONAZOLE","CAPSULE 200 MG","1575(E)","25-Mar-2026","₹ 22.65(1 Capsule)"
"","547","2022","IUDS CONTAINING COPPER","DEVICE --","1575(E)","25-Mar-2026","₹ 287.76(1 IUD)"
"","548","2022","IVERMECTIN","TABLET 6 MG","1575(E)","25-Mar-2026","₹ 22.10(1 Tablet)"
"","549","2022","IVERMECTIN","TABLET 12 MG","1575(E)","25-Mar-2026","₹ 38.27(1 Tablet)"
"","550","2022","Japanese Encephalitis","VACCINE 4 MCG to 6 MCG","1575(E)","25-Mar-2026","₹ 693.42(Each Vial)"
"","551","2022","Japanese Encephalitis","VACCINE Upto 3 MCG","1575(E)","25-Mar-2026","₹ 531.11(Each Vial)"
"","552","2022","KETAMINE","INJECTION 50 MG","1575(E)","25-Mar-2026","₹ 12.41(1 ML)"
"","553","2022","LABETALOL","TABLET 100 MG","1575(E)","25-Mar-2026","₹ 15.52(1 Tablet)"
"","554","2022","LABETALOL","INJECTION 5 MG","1575(E)","25-Mar-2026","₹ 51.18(1 ML)"
"","555","2022","LACTULOSE","ORAL LIQUID 10 GM/ 15 ML","1575(E)","25-Mar-2026","₹ 1.26(1 ML)"
"","556","2022","LAMIVUDINE","TABLET 150 MG","1575(E)","25-Mar-2026","₹ 11.12(1 Tablet)"
"","557","2022","LAMIVUDINE","TABLET 100 MG","1575(E)","25-Mar-2026","₹ 11.33(1 Tablet)( Pack)"
"","558","2022","LAMIVUDINE + ZIDOVUDINE","TABLET 150/300 MG","1575(E)","25-Mar-2026","₹ 21.60(1 Tablet)"
"","559","2022","L-ASPARAGINASE","POWDER FOR INJECTION 5000 KU","1575(E)","25-Mar-2026","₹ 1059.72(Each Vial)"
"","560","2022","L-ASPARAGINASE","POWDER FOR INJECTION 10000 KU","1575(E)","25-Mar-2026","₹ 1748.75(Each Vial)"
"","561","2022","LATANOPROST","EAR DROPS 0.005 %","1575(E)","25-Mar-2026","₹ 238.17(1 ML)"
"","562","2022","LENALIDOMIDE","CAPSULE 5 MG","1575(E)","25-Mar-2026","₹ 68.86(1 Capsule)"
"","563","2022","LENALIDOMIDE","CAPSULE 25 MG","1575(E)","25-Mar-2026","₹ 299.29(1 Capsule)"
"","564","2022","LETROZOLE","TABLET 2.50 MG","1575(E)","25-Mar-2026","₹ 30.02(1 Tablet)"
"","565","2022","LEUPRORELIN","INJECTION 11.25 MG","1575(E)","25-Mar-2026","₹ 9517.65(Each Vial)"
"","566","2022","LEUPRORELIN","INJECTION 22.5 MG","1575(E)","25-Mar-2026","₹ 17491.66(Each Vial)"
"","567","2022","LEUPRORELIN","INJECTION 3.75 MG","1575(E)","25-Mar-2026","₹ 3187.41(Each Vial)"
"","568","2022","LEVETIRACETAM","SYRUP 100 MG","1575(E)","25-Mar-2026","₹ 4.07(1 ML)"
"","569","2022","LEVETIRACETAM","INJECTION 100 MG/ML","1575(E)","25-Mar-2026","₹ 23.57(1 ML)"
"","570","2022","LEVETIRACETAM","MODIFIED RELEASE TABLET 750 MG","1575(E)","25-Mar-2026","₹ 18.74(1 Tablet)"
"","571","2022","LEVETIRACETAM","TABLET 750 MG","1575(E)","25-Mar-2026","₹ 19.81(1 Tablet)"
"","572","2022","LEVETIRACETAM","TABLET 500 MG","1575(E)","25-Mar-2026","₹ 13.30(1 Tablet)"
"","573","2022","LEVETIRACETAM","TABLET 250 MG","1575(E)","25-Mar-2026","₹ 6.45(1 Tablet)"
"","574","2022","LEVODOPA (A)+CARBIDOPA (B)","TABLET 100 MG(A) + 10 MG(B)","1575(E)","25-Mar-2026","₹ 1.80(1 Tablet)"
"","575","2022","LEVODOPA (A)+CARBIDOPA (B)","TABLET 100 MG(A) + 25 MG(B)","1575(E)","25-Mar-2026","₹ 2.64(1 Tablet)"
"","576","2022","LEVODOPA + CARBIDOPA","TABLET 250/25 MG","1575(E)","25-Mar-2026","₹ 4.53(1 Tablet)"
"","577","2022","LEVODOPA + CARBIDOPA","MODIFIED RELEASE TABLET 100/25 MG","1575(E)","25-Mar-2026","₹ 2.86(1 Tablet)"
"","578","2022","LEVODOPA + CARBIDOPA","MODIFIED RELEASE TABLET 200/50 MG","1575(E)","25-Mar-2026","₹ 4.84(1 Tablet)"
"","579","2022","LEVOFLOXACIN","TABLET 750 MG","1575(E)","25-Mar-2026","₹ 12.75(1 Tablet)"
"","580","2022","LEVOFLOXACIN","TABLET 250 MG","1575(E)","25-Mar-2026","₹ 4.93(1 Tablet)"
"","581","2022","LEVOFLOXACIN","TABLET 500 MG","1575(E)","25-Mar-2026","₹ 9.21(1 Tablet)"
"","582","2022","LEVONORGESTREL","TABLET 1.5 MG","1575(E)","25-Mar-2026","₹ 77.16(1 Tablet)"
"","583","2022","LEVOTHYROXINE","TABLET 88 MCG","1575(E)","25-Mar-2026","₹ 1.69(1 Tablet)"
"","584","2022","LEVOTHYROXINE","TABLET 100 MCG","1575(E)","25-Mar-2026","₹ 1.35(1 Tablet)"
"","585","2022","LEVOTHYROXINE","TABLET 112 MCG","1575(E)","25-Mar-2026","₹ 1.70(1 Tablet)"
"","586","2022","LEVOTHYROXINE","TABLET 12.5 MCG","1575(E)","25-Mar-2026","₹ 1.52(1 Tablet)"
"","587","2022","LEVOTHYROXINE","TABLET 125 MCG","1575(E)","25-Mar-2026","₹ 1.73(1 Tablet)"
"","588","2022","LEVOTHYROXINE","TABLET 150 MCG","1575(E)","25-Mar-2026","₹ 1.74(1 Tablet)"
"","589","2022","LEVOTHYROXINE","TABLET 25 MCG","1575(E)","25-Mar-2026","₹ 1.49(1 Tablet)"
"","590","2022","LEVOTHYROXINE","TABLET 50 MCG","1575(E)","25-Mar-2026","₹ 1.06(1 Tablet)"
"","591","2022","LEVOTHYROXINE","TABLET 62.5 MCG","1575(E)","25-Mar-2026","₹ 1.65(1 Tablet)"
"","592","2022","LEVOTHYROXINE","TABLET 75 MCG","1575(E)","25-Mar-2026","₹ 1.48(1 Tablet)"
"","593","2022","LIDOCAINE","Topical forms 2-5%","1575(E)","25-Mar-2026","₹ 1.11(1 gm or 1 ml)( Pack)"
"","594","2022","LIDOCAINE","INJECTION 5 % with 7.5 %","1575(E)","25-Mar-2026","₹ 3.58(1 ML)"
"","595","2022","LIDOCAINE","INJECTION 1 %","1575(E)","25-Mar-2026","₹ 9.08(1 ML)"
"","596","2022","LIDOCAINE","INJECTION 2 %","1575(E)","25-Mar-2026","₹ 1.17(1 ML)( Pack)"
"","597","2022","LIDOCAINE + ADRENALINE","INJECTION 2%/0.005MG","1575(E)","25-Mar-2026","₹ 1.08(1 ML)"
"","598","2022","LINEZOLID","TABLET 600 MG","1575(E)","25-Mar-2026","₹ 36.53(1 Tablet)"
"","599","2022","LINEZOLID","TABLET 300 MG","1575(E)","25-Mar-2026","₹ 23.19(1 Tablet)"
"","600","2022","LITHIUM","TABLET 300 MG","1575(E)","25-Mar-2026","₹ 2.51(1 Tablet)( Pack)"
"","601","2022","LOPERAMIDE","TABLET 2 MG","1575(E)","25-Mar-2026","₹ 2.34(1 Tablet)"
"","602","2022","LOPERAMIDE","CAPSULE 2 MG","1575(E)","25-Mar-2026","₹ 3.89(1 Capsule)"
"","603","2022","LORAZEPAM","INJECTION 2 MG/ML","1575(E)","25-Mar-2026","₹ 8.29(1 ML)"
"","604","2022","LORAZEPAM","TABLET 2 MG","1575(E)","25-Mar-2026","₹ 2.88(1 Tablet)"
"","605","2022","LORAZEPAM","TABLET 1 MG","1575(E)","25-Mar-2026","₹ 2.37(1 Tablet)"
"","606","2022","MAGNESIUM SULPHATE","INJECTION 500 MG/ML","1575(E)","25-Mar-2026","₹ 4.98(1 ML)"
"","607","2022","MANNITOL","INFUSION 20 %","1575(E)","25-Mar-2026","₹ 0.36(1 ML)"
"","608","2022","MANNITOL","INFUSION 10 %","1575(E)","25-Mar-2026","₹ 0.19(1 ML)"
"","609","2022","MEASLES","INJECTION 0.5 ML","1575(E)","25-Mar-2026","₹ 51.40(Each Vial)( Pack)"
"","610","2022","MEBENDAZOLE","TABLET 100 MG","1575(E)","25-Mar-2026","₹ 2.97(1 Tablet)"
"","611","2022","MEBENDAZOLE","ORAL LIQUID 100 MG/ 5 ML","1575(E)","25-Mar-2026","₹ 0.86(1 ML)"
"","612","2022","MEDROXYPROGESTERONEACETATE","TABLET 10 MG","1575(E)","25-Mar-2026","₹ 6.40(1 Tablet)"
"","613","2022","MEDROXYPROGESTERONE INJECTABLE","INJECTION 150 MG","1575(E)","25-Mar-2026","₹ 296.71(1 ML)"
"","614","2022","MEFENAMIC ACID","ORAL LIQUID 100 MG/ 5 ML","1575(E)","25-Mar-2026","₹ 0.57(1 ML)"
"","615","2022","MEFENAMIC ACID","TABLET 250 MG","1575(E)","25-Mar-2026","₹ 2.16(1 Tablet)"
"","616","2022","MEFLOQUINE","TABLET 250 MG","1575(E)","25-Mar-2026","₹ 53.41(1 Tablet)"
"","617","2022","MEGLUMINE DIATRIZOATE","INJECTION 60 %","1575(E)","25-Mar-2026","₹ 9.69(1 ML)"
"","618","2022","MEGLUMINE DIATRIZOATE","INJECTION 76 %","1575(E)","25-Mar-2026","₹ 10.45(1 ML)"
"","619","2022","MELPHALAN","TABLET 5 MG","1575(E)","25-Mar-2026","₹ 88.11(1 Tablet)"
"","620","2022","MELPHALAN","TABLET 2 MG","1575(E)","25-Mar-2026","₹ 93.53(1 Tablet)"
"","621","2022","MEROPENEM","INJECTION 500 MG","1575(E)","25-Mar-2026","₹ 740.37(Each Vial)"
"","622","2022","MEROPENEM","INJECTION 1000 MG","1575(E)","25-Mar-2026","₹ 975.62(Each Vial)"
"","623","2022","MESALAZINE","FOAM 1000 MG","1575(E)","25-Mar-2026","₹ 17.11(1 GM)"
"","624","2022","MESALAZINE","LIQUID 4000 MG","1575(E)","25-Mar-2026","₹ 2.17(1 ML)"
"","625","2022","MESNA","INJECTION 100 MG","1575(E)","25-Mar-2026","₹ 15.88(1 ML)"
"","626","2022","METFORMIN","TABLET 500 MG","1575(E)","25-Mar-2026","₹ 2.07(1 Tablet)"
"","627","2022","METFORMIN","MODIFIED RELEASE TABLET 1000 MG","1575(E)","25-Mar-2026","₹ 4.15(1 Tablet)"
"","628","2022","METFORMIN","TABLET 1000 MG","1575(E)","25-Mar-2026","₹ 3.57(1 Tablet)"
"","629","2022","METHOTREXATE","TABLET 10 MG","1575(E)","25-Mar-2026","₹ 13.61(1 Tablet)"
"","630","2022","METHOTREXATE","TABLET 5 MG","1575(E)","25-Mar-2026","₹ 9.65(1 Tablet)"
"","631","2022","METHOTREXATE","TABLET 2.5 MG","1575(E)","25-Mar-2026","₹ 5.44(1 Tablet)"
"","632","2022","METHYLERGOMETRINE","INJECTION 0.2 MG/ML","1575(E)","25-Mar-2026","₹ 15.31(1 ML)"
"","633","2022","METHYLERGOMETRINE","TABLET 0.125 MG","1575(E)","25-Mar-2026","₹ 9.16(1 Tablet)"
"","634","2022","METHYLPREDNISOLONE","INJECTION 40 MG/ML","1575(E)","25-Mar-2026","₹ 46.76(1 ML)"
"","635","2022","METOCLOPRAMIDE","INJECTION 5 MG/ML","1575(E)","25-Mar-2026","₹ 1.67(1 ML (10 ML & more pack))"
"","636","2022","METOCLOPRAMIDE","INJECTION 5 MG/ML","1575(E)","25-Mar-2026","₹ 2.74(1 ML)"
"","637","2022","METOCLOPRAMIDE","SYRUP 5 MG","1575(E)","25-Mar-2026","₹ 0.51(1 ML)"
"","638","2022","METOCLOPRAMIDE","TABLET 10 MG","1575(E)","25-Mar-2026","₹ 1.38(1 Tablet)"
"","639","2022","METOPROLOL","TABLET 100 MG","1575(E)","25-Mar-2026","₹ 11.39(1 Tablet)"
"","640","2022","METOPROLOL","INJECTION 1 MG","1575(E)","25-Mar-2026","₹ 3.48(1 ML)"
"","641","2022","METOPROLOL","CAPSULE 25 MG","1575(E)","25-Mar-2026","₹ 4.24(1 Capsule)"
"","642","2022","METOPROLOL","TABLET 50 MG","1575(E)","25-Mar-2026","₹ 5.98(1 Tablet)"
"","643","2022","METOPROLOL","CAPSULE 50 MG","1575(E)","25-Mar-2026","₹ 5.96(1 Capsule)"
"","644","2022","METOPROLOL","TABLET ER 100 MG","1575(E)","25-Mar-2026","₹ 15.35(1 Tablet)"
"","645","2022","METOPROLOL","TABLET 25 MG","1575(E)","25-Mar-2026","₹ 4.35(1 Tablet)( Pack)"
"","646","2022","METRONIDAZOLE","TABLET 200 MG","1575(E)","25-Mar-2026","₹ 0.84(1 Tablet)"
"","647","2022","METRONIDAZOLE","INJECTION 500 MG","1575(E)","25-Mar-2026","₹ 0.21(1 ML)"
"","648","2022","METRONIDAZOLE","TABLET 400 MG","1575(E)","25-Mar-2026","₹ 1.56(1 Tablet)"
"","649","2022","METRONIDAZOLE","ORAL LIQUID 200 MG/ 5 ML","1575(E)","25-Mar-2026","₹ 0.53(1 ML)"
"","650","2022","MIDAZOLAM","INJECTION 1 MG","1575(E)","25-Mar-2026","₹ 6.06(1 ML)"
"","651","2022","MIDAZOLAM","INJECTION 5 MG","1575(E)","25-Mar-2026","₹ 11.14(1 ML)"
"","652","2022","MIDAZOLAM","NASAL SPRAY 0.5 MG","1575(E)","25-Mar-2026","₹ 81.85(1 ML)"
"","653","2022","MIDAZOLAM","NASAL SPRAY 1.25 MG","1575(E)","25-Mar-2026","₹ 222.02(1 ML)"
"","654","2022","MIFEPRISTONE","TABLET 200 MG","1575(E)","25-Mar-2026","₹ 359.34(1 Tablet)"
"","655","2022","MISOPROSTOL","TABLET 200 MCG","1575(E)","25-Mar-2026","₹ 19.43(1 Tablet)"
"","656","2022","MISOPROSTOL","TABLET 100 MCG","1575(E)","25-Mar-2026","₹ 10.16(1 Tablet)"
"","657","2022","MONTELUKAST","TABLET 4 MG","1575(E)","25-Mar-2026","₹ 10.48(1 Tablet)( Pack)"
"","658","2022","MONTELUKAST","TABLET 5 MG","1575(E)","25-Mar-2026","₹ 12.30(1 Tablet)( Pack)"
"","659","2022","MONTELUKAST","TABLET 10 MG","1575(E)","25-Mar-2026","₹ 16.84(1 Tablet)"
"","660","2022","MORPHINE","INJECTION 10 MG","1575(E)","25-Mar-2026","₹ 20.07(1 ML)"
"","661","2022","MORPHINE","INJECTION 15 MG","1575(E)","25-Mar-2026","₹ 15.29(1 ML)"
"","662","2022","MOXIFLOXACIN","TABLET 400 MG","1575(E)","25-Mar-2026","₹ 26.44(1 Tablet)"
"","663","2022","MUPIROCIN","OINTMENT 2 %","1575(E)","25-Mar-2026","₹ 20.77(1 GM)"
"","664","2022","MYCOPHENOLATE MOFETIL","TABLET 250 MG","1575(E)","25-Mar-2026","₹ 50.79(1 Tablet)"
"","665","2022","MYCOPHENOLATE MOFETIL","TABLET 500 MG","1575(E)","25-Mar-2026","₹ 76.38(1 Tablet)( Pack)"
"","666","2022","NALOXONE","INJECTION 400 MCG","1575(E)","25-Mar-2026","₹ 94.94(1 ML)"
"","667","2022","NATAMYCIN","EYE DROPS 5 %","1575(E)","25-Mar-2026","₹ 23.94(1 ML)"
"","668","2022","NEOSTIGMINE","TABLET 15 MG","1575(E)","25-Mar-2026","₹ 4.70(1 Tablet)"
"","669","2022","NEOSTIGMINE","INJECTION 0.5 MG","1575(E)","25-Mar-2026","₹ 5.13(1 ML)"
"","670","2022","NEVIRAPINE","TABLET 200 MG","1575(E)","25-Mar-2026","₹ 16.17(1 Tablet)"
"","671","2022","NICOTINE","GUM 4 MG","1575(E)","25-Mar-2026","₹ 10.90(1 Gum)"
"","672","2022","NICOTINE","LOZENGES 4 MG","1575(E)","25-Mar-2026","₹ 9.98(1 Lozenges)"
"","673","2022","NICOTINE","PASTILLES 4 MG","1575(E)","25-Mar-2026","₹ 8.02(1 Pastille)"
"","674","2022","NICOTINE","LOZENGES 2 MG","1575(E)","25-Mar-2026","₹ 8.11(1 Lozenges)"
"","675","2022","NICOTINE","PASTILLES 2 MG","1575(E)","25-Mar-2026","₹ 7.29(1 Pastille)"
"","676","2022","NICOTINE","GUM 2 MG","1575(E)","25-Mar-2026","₹ 8.80(1 Gum)"
"","677","2022","NIFEDIPINE","CAPSULE 10 MG","1575(E)","25-Mar-2026","₹ 0.98(1 Capsule)"
"","678","2022","NIFEDIPINE","TABLET 10 MG","1575(E)","25-Mar-2026","₹ 1.58(1 Tablet)"
"","679","2022","NITROFURANTOIN","ORAL LIQUID 25 MG/5 ML","1575(E)","25-Mar-2026","₹ 0.92(1 ML)"
"","680","2022","NITROFURANTOIN","TABLET 100 MG","1575(E)","25-Mar-2026","₹ 8.30(1 Tablet)"
"","681","2022","NITROFURANTOIN","CAPSULE 100 MG","1575(E)","25-Mar-2026","₹ 8.85(1 Capsule)"
"","682","2022","NITROUS OXIDE","INHALER --","1575(E)","25-Mar-2026","₹ 292.84(Cubic Meter)"
"","683","2022","NOREPINEPHRINE","INJECTION 2 MG","1575(E)","25-Mar-2026","₹ 20.65(1 ML)"
"","684","2022","NORETHISTERONE","TABLET 5 MG","1575(E)","25-Mar-2026","₹ 5.52(1 Tablet)"
"","685","2022","OMEPRAZOLE","CAPSULE 40 MG","1575(E)","25-Mar-2026","₹ 5.81(1 Capsule)"
"","686","2022","OMEPRAZOLE","POWDER FOR ORAL LIQUID 20 MG","1575(E)","25-Mar-2026","₹ 1.55(1 GM)"
"","687","2022","OMEPRAZOLE","CAPSULE 20 MG","1575(E)","25-Mar-2026","₹ 2.94(1 Capsule)"
"","688","2022","OMEPRAZOLE","TABLET 40 MG","1575(E)","25-Mar-2026","₹ 8.66(1 Tablet)"
"","689","2022","OMEPRAZOLE","TABLET 20 MG","1575(E)","25-Mar-2026","₹ 4.45(1 Tablet)"
"","690","2022","OMEPRAZOLE","CAPSULE 10 MG","1575(E)","25-Mar-2026","₹ 2.47(1 Capsule)"
"","691","2022","ONDANSETRON","ORAL SOLUTION 2 MG","1575(E)","25-Mar-2026","₹ 1.29(1 ML)"
"","692","2022","ONDANSETRON","TABLET 4 MG","1575(E)","25-Mar-2026","₹ 5.26(1 Tablet)"
"","693","2022","ONDANSETRON","INJECTION 2 MG","1575(E)","25-Mar-2026","₹ 6.10(1 ML)"
"","694","2022","ONDANSETRON","TABLET 8 MG","1575(E)","25-Mar-2026","₹ 9.28(1 Tablet)"
"","695","2022","ORMELOXIFENE","TABLET 30 MG","1575(E)","25-Mar-2026","₹ 8.65(1 Tablet)"
"","696","2022","OTHER HEPARINS","SOLUTION 1000 IU","1575(E)","25-Mar-2026","₹ 21.72(1 ML)"
"","697","2022","OXALIPLATIN","INJECTION 50 MG","1575(E)","25-Mar-2026","₹ 2287.59(Each Vial)"
"","698","2022","OXALIPLATIN","INJECTION 100 MG","1575(E)","25-Mar-2026","₹ 5099.25(Each Vial)"
"","699","2022","OXYGEN","IN CYLINDER --","1575(E)","25-Mar-2026","₹ 29.52(Cubic Meter)"
"","700","2022","OXYGEN","LIQUID MEDICAL OXYGEN --","1575(E)","25-Mar-2026","₹ 17.43(Cubic Meter)"
"","701","2022","OXYTOCIN","INJECTION 5 IU","1575(E)","25-Mar-2026","₹ 18.27(1 ML)"
"","702","2022","OXYTOCIN","INJECTION 10 IU","1575(E)","25-Mar-2026","₹ 40.82(1 ML)"
"","703","2022","PACLITAXEL","INJECTION 30 MG/ 5 ML","1575(E)","25-Mar-2026","₹ 220.61(1 ML)"
"","704","2022","PACLITAXEL","INJECTION 100 MG/16.7 ML","1575(E)","25-Mar-2026","₹ 220.61(1 ML)"
"","705","2022","PANTOPRAZOLE","INJECTION 40 MG","1575(E)","25-Mar-2026","₹ 51.66(Each Vial)"
"","706","2022","PARACETAMOL","TABLET 500 MG","1575(E)","25-Mar-2026","₹ 0.93(1 Tablet)"
"","707","2022","PARACETAMOL","ORAL LIQUID 250 MG/ 5 ML","1575(E)","25-Mar-2026","₹ 0.68(1 ML)"
"","708","2022","PARACETAMOL","SUPPOSITORY 170 MG","1575(E)","25-Mar-2026","₹ 8.14(1 Suppository)"
"","709","2022","PARACETAMOL","INJECTION 150 MG","1575(E)","25-Mar-2026","₹ 4.07(2 ML Pack)"
"","710","2022","PARACETAMOL","INJECTION 150 MG","1575(E)","25-Mar-2026","₹ 1.64(1 ML)"
"","711","2022","PARACETAMOL","ORAL LIQUID 125 MG/ 5 ML","1575(E)","25-Mar-2026","₹ 0.38(1 ML)"
"","712","2022","PARACETAMOL","SUSPENSION 120 MG","1575(E)","25-Mar-2026","₹ 0.62(1 ML)"
"","713","2022","PARACETAMOL","SUPPOSITORY 80 MG","1575(E)","25-Mar-2026","₹ 6.82(1 Suppository)"
"","714","2022","PARACETAMOL","TABLET 650 MG","1575(E)","25-Mar-2026","₹ 2.05(1 Tablet)"
"","715","2022","PENICILLAMINE","CAPSULE 250 MG","1575(E)","25-Mar-2026","₹ 16.02(1 Capsule)"
"","716","2022","PERITONEAL DIALYSIS SOLUTIONS","INFUSION --","1575(E)","25-Mar-2026","₹ 0.22(1 ML)"
"","717","2022","PERMETHRIN","CREAM 1 %","1575(E)","25-Mar-2026","₹ 1.54(1 GM)"
"","718","2022","PERMETHRIN","LOTION 1 %","1575(E)","25-Mar-2026","₹ 1.03(1 ML)"
"","719","2022","PERMETHRIN","GEL 5 %","1575(E)","25-Mar-2026","₹ 1.34(1 GM)"
"","720","2022","PERMETHRIN","CREAM 5 %","1575(E)","25-Mar-2026","₹ 1.89(1 GM)"
"","721","2022","PERMETHRIN","LOTION 5 %","1575(E)","25-Mar-2026","₹ 1.03(1 gm or 1 ml)"
"","722","2022","PHENIRAMINE","INJECTION 22.75 MG","1575(E)","25-Mar-2026","₹ 2.83(2 ML Pack)"
"","723","2022","PHENIRAMINE","INJECTION 22.75 MG","1575(E)","25-Mar-2026","₹ 2.11(Each Pack (10 ML))"
"","724","2022","PHENOBARBITONE","INJECTION 200 MG","1575(E)","25-Mar-2026","₹ 22.68(1 ML)"
"","725","2022","PHENOBARBITONE","ORAL LIQUID 20 MG/ 5 ML","1575(E)","25-Mar-2026","₹ 0.50(1 ML)"
"","726","2022","PHENOBARBITONE","TABLET 30 MG","1575(E)","25-Mar-2026","₹ 1.34(1 Tablet)"
"","727","2022","PHENOBARBITONE","TABLET 60 MG","1575(E)","25-Mar-2026","₹ 1.93(1 Tablet)"
"","728","2022","PHENYTOIN","TABLET 50 MG","1575(E)","25-Mar-2026","₹ 0.86(1 Tablet)"
"","729","2022","PHENYTOIN","INJECTION 50 MG","1575(E)","25-Mar-2026","₹ 6.09(1 ML)"
"","730","2022","PHENYTOIN","ORAL LIQUID 30 MG/ 5 ML","1575(E)","25-Mar-2026","₹ 0.36(1 ML)"
"","731","2022","PHENYTOIN","TABLET ER 300 MG","1575(E)","25-Mar-2026","₹ 6.72(1 Tablet)"
"","732","2022","PHENYTOIN","CAPSULE 300 MG","1575(E)","25-Mar-2026","₹ 4.76(1 Capsule)"
"","733","2022","PHENYTOIN","TABLET 300 MG","1575(E)","25-Mar-2026","₹ 5.62(1 Tablet)"
"","734","2022","PHENYTOIN","CAPSULE 100 MG","1575(E)","25-Mar-2026","₹ 1.87(1 Capsule)"
"","735","2022","PHENYTOIN","TABLET 100 MG","1575(E)","25-Mar-2026","₹ 1.80(1 Tablet)"
"","736","2022","PHENYTOIN","ORAL SUSPENSION 125 MG","1575(E)","25-Mar-2026","₹ 1.13(1 ML)"
"","737","2022","PHYTOMENADIONE","INJECTION 10 MG","1575(E)","25-Mar-2026","₹ 54.36(1 ML)"
"","738","2022","PHYTOMENADIONE (VITAMINK1)10 MG","TABLET 10 MG","1575(E)","25-Mar-2026","₹ 14.89(1 Tablet)"
"","739","2022","PILOCARPINE","EYE DROPS 2 %","1575(E)","25-Mar-2026","₹ 16.64(1 ML)( Pack)"
"","740","2022","PIPERACILLIN + TAZOBACTAM","INJECTION 2000/250 MG","1575(E)","25-Mar-2026","₹ 196.15(Each Vial)"
"","741","2022","PIPERACILLIN + TAZOBACTAM","INJECTION 1000/125 MG","1575(E)","25-Mar-2026","₹ 102.05(Each Vial)"
"","742","2022","PIPERACILLIN + TAZOBACTAM","INJECTION 4000/500 MG","1575(E)","25-Mar-2026","₹ 409.00(Each Vial)"
"","743","2022","POTASSIUM CHLORIDE","INJECTION 150 MG","1575(E)","25-Mar-2026","₹ 2.46(1 ML)"
"","744","2022","POTASSIUM CHLORIDE","ORAL LIQUID 500 MG/ 5 ML","1575(E)","25-Mar-2026","₹ 0.31(1 ML)"
"","745","2022","POVIDONE IODINE","SOLUTION 10 %","1575(E)","25-Mar-2026","₹ 0.99(1 ML)"
"","746","2022","POVIDONE IODINE","SOLUTION 4 %","1575(E)","25-Mar-2026","₹ 1.78(1 ML)"
"","747","2022","POVIDONE IODINE","SOLUTION 7.5 %","1575(E)","25-Mar-2026","₹ 0.84(1 ML)"
"","748","2022","POVIDONE IODINE","OINTMENT 10 %","1575(E)","25-Mar-2026","₹ 6.30(1 GM)( Pack)"
"","749","2022","POVIDONE IODINE","LIQUID 5 %","1575(E)","25-Mar-2026","₹ 0.45(1 ML)"
"","750","2022","PRALIDOXIME","INJECTION 25 MG","1575(E)","25-Mar-2026","₹ 4.67(1 ML)"
"","751","2022","PREDNISOLONE","ORAL LIQUID 15 MG/ 5 ML","1575(E)","25-Mar-2026","₹ 0.88(1 ML)"
"","752","2022","PREDNISOLONE","SUSPENSION 5 MG","1575(E)","25-Mar-2026","₹ 0.50(1 ML)"
"","753","2022","PREDNISOLONE","TABLET 5 MG","1575(E)","25-Mar-2026","₹ 0.69(1 Tablet)"
"","754","2022","PREDNISOLONE","DROPS 1 %","1575(E)","25-Mar-2026","₹ 5.90(1 ML)"
"","755","2022","PREDNISOLONE","TABLET 40 MG","1575(E)","25-Mar-2026","₹ 3.49(1 Tablet)"
"","756","2022","PREDNISOLONE","TABLET 10 MG","1575(E)","25-Mar-2026","₹ 1.23(1 Tablet)"
"","757","2022","PREDNISOLONE","TABLET 20 MG","1575(E)","25-Mar-2026","₹ 2.46(1 Tablet)"
"","758","2022","PRIMAQUINE","TABLET 2.5 MG","1575(E)","25-Mar-2026","₹ 1.79(1 Tablet)"
"","759","2022","PRIMAQUINE","TABLET 15 MG","1575(E)","25-Mar-2026","₹ 5.26(1 Tablet)"
"","760","2022","PRIMAQUINE","TABLET 7.5 MG","1575(E)","25-Mar-2026","₹ 2.44(1 Tablet)"
"","761","2022","PROPARACAINE","EYE DROPS 0.5 %","1575(E)","25-Mar-2026","₹ 10.50(1 ML)"
"","762","2022","PROPOFOL","INJECTION 10 MG","1575(E)","25-Mar-2026","₹ 6.65(1 ML)"
"","763","2022","PROPRANOLOL","CAPSULE 40 MG","1575(E)","25-Mar-2026","₹ 4.35(1 Capsule)"
"","764","2022","PROPRANOLOL","TABLET 40 MG","1575(E)","25-Mar-2026","₹ 3.30(1 Tablet)"
"","765","2022","PROPRANOLOL","CAPSULE 20 MG","1575(E)","25-Mar-2026","₹ 2.41(1 Capsule)"
"","766","2022","PROPRANOLOL","TABLET 20 MG","1575(E)","25-Mar-2026","₹ 3.28(1 Tablet)"
"","767","2022","PROPRANOLOL","CAPSULE 10 MG","1575(E)","25-Mar-2026","₹ 2.04(1 Capsule)"
"","768","2022","PROPRANOLOL","TABLET 10 MG","1575(E)","25-Mar-2026","₹ 1.34(1 Tablet)"
"","769","2022","PROTAMINE","INJECTION 10 MG","1575(E)","25-Mar-2026","₹ 10.01(1 ML)"
"","770","2022","PYRAZINAMIDE","TABLET 1500 MG","1575(E)","25-Mar-2026","₹ 12.10(1 Tablet)"
"","771","2022","PYRAZINAMIDE","TABLET 750 MG","1575(E)","25-Mar-2026","₹ 7.39(1 Tablet)"
"","772","2022","PYRAZINAMIDE","TABLET 1000 MG","1575(E)","25-Mar-2026","₹ 10.78(1 Tablet)"
"","773","2022","PYRAZINAMIDE","TABLET 500 MG","1575(E)","25-Mar-2026","₹ 5.01(1 Tablet)"
"","774","2022","PYRIDOXINE","TABLET 100 MG","1575(E)","25-Mar-2026","₹ 6.12(1 Tablet)"
"","775","2022","PYRIDOXINE","TABLET 10 MG","1575(E)","25-Mar-2026","₹ 0.11(1 Tablet)"
"","776","2022","QUININE","INJECTION 300 MG","1575(E)","25-Mar-2026","₹ 9.73(1 ML)"
"","777","2022","QUININE","TABLET 300 MG","1575(E)","25-Mar-2026","₹ 5.79(1 Tablet)"
"","778","2022","RALTEGRAVIR","TABLET 400 MG","1575(E)","25-Mar-2026","₹ 151.34(1 Tablet)"
"","779","2022","RAMIPRIL","CAPSULE 5 MG","1575(E)","25-Mar-2026","₹ 7.37(1 Capsule)"
"","780","2022","RAMIPRIL","CAPSULE 2.5 MG","1575(E)","25-Mar-2026","₹ 4.77(1 Capsule)"
"","781","2022","RAMIPRIL","TABLET 2.5 MG","1575(E)","25-Mar-2026","₹ 5.33(1 Tablet)"
"","782","2022","RAMIPRIL","TABLET 5 MG","1575(E)","25-Mar-2026","₹ 8.37(1 Tablet)"
"","783","2022","RIBAVIRIN","CAPSULE 200 MG","1575(E)","25-Mar-2026","₹ 27.13(1 Capsule)"
"","784","2022","RIBOFLAVINE","TABLET 10 MG","1575(E)","25-Mar-2026","₹ 1.12(1 Tablet)"
"","785","2022","RIFAMPICIN","TABLET 300 MG","1575(E)","25-Mar-2026","₹ 3.72(1 Tablet)"
"","786","2022","RIFAMPICIN","ORAL LIQUID 100 MG/ 5 ML","1575(E)","25-Mar-2026","₹ 0.48(1 ML)"
"","787","2022","RIFAMPICIN","CAPSULE 600 MG","1575(E)","25-Mar-2026","₹ 11.64(1 Capsule)"
"","788","2022","RIFAMPICIN","CAPSULE 300 MG","1575(E)","25-Mar-2026","₹ 4.72(1 Capsule)"
"","789","2022","RIFAMPICIN","CAPSULE 450 MG","1575(E)","25-Mar-2026","₹ 5.81(1 Capsule)"
"","790","2022","RIFAMPICIN","CAPSULE 150 MG","1575(E)","25-Mar-2026","₹ 2.35(1 Capsule)"
"","791","2022","RISPERIDONE","TABLET 4 MG","1575(E)","25-Mar-2026","₹ 7.54(1 Tablet)"
"","792","2022","RISPERIDONE","INJECTION 25 MG","1575(E)","25-Mar-2026","₹ 1976.64(1 ML)"
"","793","2022","RISPERIDONE","TABLET 1 MG","1575(E)","25-Mar-2026","₹ 3.10(1 Tablet)"
"","794","2022","RISPERIDONE","TABLET 2 MG","1575(E)","25-Mar-2026","₹ 4.59(1 Tablet)"
"","795","2022","RISPERIDONE","INJECTION 37.5 MG","1575(E)","25-Mar-2026","₹ 2713.02(1 ML)"
"","796","2022","RISPERIDONE","ORAL SOLUTION 1 MG","1575(E)","25-Mar-2026","₹ 2.26(1 ML)"
"","797","2022","RITONAVIR","TABLET 100 MG","1575(E)","25-Mar-2026","₹ 29.91(1 Tablet)"
"","798","2022","RITONAVIR + LOPINAVIR","TABLET 50/200 MG","1575(E)","25-Mar-2026","₹ 49.12(1 Tablet)"
"","799","2022","RITUXIMAB","INJECTION 10 MG","1575(E)","25-Mar-2026","₹ 780.10(1 ML)"
"","800","2022","ROTAVIRUS","VACCINE --","1575(E)","25-Mar-2026","₹ 875.09(Each Vial)"
"","801","2022","RUBELLA (GERMAN MEASLES)","INJECTION --","1575(E)","25-Mar-2026","₹ 72.90(Each Vial)( Pack)"
"","802","2022","SALBUTAMOL","TABLET 2 MG","1575(E)","25-Mar-2026","₹ 0.27(1 Tablet)( Pack)"
"","803","2022","SALBUTAMOL","SYRUP 2 MG","1575(E)","25-Mar-2026","₹ 0.18(1 ML)"
"","804","2022","SALBUTAMOL","TABLET 4 MG","1575(E)","25-Mar-2026","₹ 0.33(1 Tablet)( Pack)"
"","805","2022","SALBUTAMOL","INHALER 100 MCG","1575(E)","25-Mar-2026","₹ 0.50(Per Metered Dose)"
"","806","2022","SALBUTAMOL","SOLUTION 5 MG","1575(E)","25-Mar-2026","₹ 1.05(1 ML)( Pack)"
"","807","2022","SALICYLIC ACID","OINTMENT 3 %","1575(E)","25-Mar-2026","₹ 2.11(1 GM)"
"","808","2022","SALICYLIC ACID","OINTMENT 6 %","1575(E)","25-Mar-2026","₹ 2.07(1 GM)"
"","809","2022","SEVOFLURANE","INHALER --","1575(E)","25-Mar-2026","₹ 31.92(1 ML)"
"","810","2022","Snake venom antiserum- Lyophilized polyvalent","INJECTION --","1575(E)","25-Mar-2026","₹ 681.23(Each Vial)"
"","811","2022","Snake Venom Antiserum-Soluble/ Liquid Polyvalent","INJECTION --","1575(E)","25-Mar-2026","₹ 438.96(Each Vial)"
"","812","2022","SODIUM BICARBONATE","INJECTION 7.5 %","1575(E)","25-Mar-2026","₹ 1.04(1 ML)"
"","813","2022","SODIUM BICARBONATE","INJECTION 8.4 %","1575(E)","25-Mar-2026","₹ 1.38(1 ML)"
"","814","2022","SODIUM NITROPRUSSIDE","INJECTION 10 MG","1575(E)","25-Mar-2026","₹ 29.18(1 ML)"
"","815","2022","SODIUM VALPROATE","TABLET 300 MG","1575(E)","25-Mar-2026","₹ 4.57(1 Tablet)"
"","816","2022","SODIUM VALPROATE","TABLET 500 MG","1575(E)","25-Mar-2026","₹ 8.31(1 Tablet)"
"","817","2022","SODIUM VALPROATE","MODIFIED RELEASE TABLET 300 MG","1575(E)","25-Mar-2026","₹ 6.25(1 Tablet)"
"","818","2022","SODIUM VALPROATE","MODIFIED RELEASE TABLET 500 MG","1575(E)","25-Mar-2026","₹ 9.50(1 Tablet)"
"","819","2022","SODIUM VALPROATE","INJECTION 100 MG","1575(E)","25-Mar-2026","₹ 6.91(1 ML)"
"","820","2022","SODIUM VALPROATE","TABLET 200 MG","1575(E)","25-Mar-2026","₹ 3.67(1 Tablet)"
"","821","2022","SODIUM VALPROATE","ORAL LIQUID 200 MG/ 5 ML","1575(E)","25-Mar-2026","₹ 0.66(1 ML)"
"","822","2022","SOFOSBUVIR","TABLET 400 MG","1575(E)","25-Mar-2026","₹ 537.72(1 Tablet)"
"","823","2022","SOMATOSTATIN","POWDER FOR INJECTION 3 MG","1575(E)","25-Mar-2026","₹ 1391.63(Each Vial)"
"","824","2022","SPIRONOLACTONE","TABLET 25 MG","1575(E)","25-Mar-2026","₹ 2.24(1 Tablet)"
"","825","2022","SPIRONOLACTONE","TABLET 50 MG","1575(E)","25-Mar-2026","₹ 4.48(1 Tablet)"
"","826","2022","STREPTOKINASE","INJECTION 1500000 IU","1575(E)","25-Mar-2026","₹ 1922.41(Each Vial)"
"","827","2022","STREPTOMYCIN","POWDER FOR INJECTION 1000 MG","1575(E)","25-Mar-2026","₹ 16.68(Each Vial)( Pack)"
"","828","2022","STREPTOMYCIN","POWDER FOR INJECTION 750 MG","1575(E)","25-Mar-2026","₹ 15.51(Each Vial)( Pack)"
"","829","2022","SUCCINYL CHOLINE","INJECTION 50 MG/ML","1575(E)","25-Mar-2026","₹ 5.33(1 ML)"
"","830","2022","SULFASALAZINE","TABLET 500 MG","1575(E)","25-Mar-2026","₹ 4.83(1 Tablet)"
"","831","2022","SUMATRIPTAN","TABLET 50 MG","1575(E)","25-Mar-2026","₹ 57.02(1 Tablet)"
"","832","2022","SUMATRIPTAN","TABLET 25 MG","1575(E)","25-Mar-2026","₹ 33.28(1 Tablet)"
"","833","2022","SURFACTANT","SUSPENSION --","1575(E)","25-Mar-2026","₹ 80.89(Per mg of Phospholipids in the pack)"
"","834","2022","TACROLIMUS","CAPSULE 1 MG","1575(E)","25-Mar-2026","₹ 41.60(1 Capsule)"
"","835","2022","TACROLIMUS","CAPSULE 0.5 MG","1575(E)","25-Mar-2026","₹ 21.16(1 Capsule)"
"","836","2022","TACROLIMUS","CAPSULE 2 MG","1575(E)","25-Mar-2026","₹ 86.37(1 Capsule)"
"","837","2022","TACROLIMUS","TABLET 1 MG","1575(E)","25-Mar-2026","₹ 40.94(1 Tablet)"
"","838","2022","TACROLIMUS","TABLET 0.5 MG","1575(E)","25-Mar-2026","₹ 21.47(1 Tablet)"
"","839","2022","TACROLIMUS","TABLET 2 MG","1575(E)","25-Mar-2026","₹ 79.55(1 Tablet)"
"","840","2022","TAMOXIFEN","TABLET 10 MG","1575(E)","25-Mar-2026","₹ 2.26(1 Tablet)"
"","841","2022","TAMOXIFEN","TABLET 20 MG","1575(E)","25-Mar-2026","₹ 3.02(1 Tablet)"
"","842","2022","TELMISARTAN","TABLET 80 MG","1575(E)","25-Mar-2026","₹ 10.65(1 Tablet)"
"","843","2022","TELMISARTAN","TABLET 40 MG","1575(E)","25-Mar-2026","₹ 6.92(1 Tablet)"
"","844","2022","TELMISARTAN","TABLET 20 MG","1575(E)","25-Mar-2026","₹ 3.98(1 Tablet)"
"","845","2022","TEMOZOLOMIDE","CAPSULE 100 MG","1575(E)","25-Mar-2026","₹ 1544.93(1 Capsule)"
"","846","2022","TEMOZOLOMIDE","CAPSULE 250 MG","1575(E)","25-Mar-2026","₹ 4407.34(1 Capsule)"
"","847","2022","TEMOZOLOMIDE","TABLET 250 MG","1575(E)","25-Mar-2026","₹ 3848.38(1 Tablet)"
"","848","2022","TEMOZOLOMIDE","CAPSULE 20 MG","1575(E)","25-Mar-2026","₹ 451.93(1 Capsule)"
"","849","2022","TEMOZOLOMIDE","TABLET 20 MG","1575(E)","25-Mar-2026","₹ 344.72(1 Tablet)"
"","850","2022","TENECTEPLASE","INJECTION 30 MG","1575(E)","25-Mar-2026","₹ 37796.29(Each Vial)"
"","851","2022","TENECTEPLASE","INJECTION 40 MG","1575(E)","25-Mar-2026","₹ 51599.61(Each Vial)"
"","852","2022","TENELIGLIPTIN","TABLET 20 MG","1575(E)","25-Mar-2026","₹ 11.35(1 Tablet)"
"","853","2022","TENOFOVIR","TABLET 300 MG","1575(E)","25-Mar-2026","₹ 46.94(1 Tablet)"
"","854","2022","TENOFOVIR ALAFENAMIDE","TABLET 25 MG","1575(E)","25-Mar-2026","₹ 50.04(1 Tablet)"
"","855","2022","TENOFOVIR (A)+LAMIVUDINE (B)","TABLET 300 MG(A) + 300
MG(B)","1575(E)","25-Mar-2026","₹ 46.67(1 Tablet)"
"","856","2022","TENOFOVIR (A)+LAMIVUDINE (B) +
EFAVIRENZ (C)","TABLET 300 MG(A) + 300
MG(B) + 600 MG�","1575(E)","25-Mar-2026","₹ 105.31(1 Tablet)"
"","857","2022","TERBINAFINE","CREAM 1 %","1575(E)","25-Mar-2026","₹ 5.38(1 GM)"
"","858","2022","TETANUS","INJECTION 0.5 ML","1575(E)","25-Mar-2026","₹ 26.14(Each Pack (5 ml))"
"","859","2022","TETANUS","INJECTION 250 IU","1575(E)","25-Mar-2026","₹ 1274.68(Each Vial)( Pack)"
"","860","2022","TETANUS","INJECTION 500 IU","1575(E)","25-Mar-2026","₹ 1920.79(Each Vial)( Pack)"
"","861","2022","TETANUS","INJECTION 0.5 ML","1575(E)","25-Mar-2026","₹ 12.77(Each Vial)"
"","862","2022","TETANUS","INJECTION 1000 IU","1575(E)","25-Mar-2026","₹ 2748.64(Each Vial)( Pack)"
"","863","2022","THALIDOMIDE","CAPSULE 100 MG","1575(E)","25-Mar-2026","₹ 63.50(1 Capsule)"
"","864","2022","THALIDOMIDE","CAPSULE 50 MG","1575(E)","25-Mar-2026","₹ 31.91(1 Capsule)"
"","865","2022","THIAMINE","TABLET 100 MG","1575(E)","25-Mar-2026","₹ 4.57(1 Tablet)"
"","866","2022","THIOPENTAL SODIUM","INJECTION 500 MG","1575(E)","25-Mar-2026","₹ 46.79(Each Vial)"
"","867","2022","THIOPENTAL SODIUM","INJECTION 1000 MG","1575(E)","25-Mar-2026","₹ 56.65(Each Vial)"
"","868","2022","TIMOLOL","DROPS 0.5 %","1575(E)","25-Mar-2026","₹ 13.72(1 ML)"
"","869","2022","TIOTROPIUM","INHALER 9 MCG","1575(E)","25-Mar-2026","₹ 2.85(Per Metered Dose)"
"","870","2022","TIOTROPIUM","INHALER 18 MCG","1575(E)","25-Mar-2026","₹ 10.97(Per Dose)"
"","871","2022","TRAMADOL","INJECTION 50 MG","1575(E)","25-Mar-2026","₹ 12.07(1 ML)"
"","872","2022","TRAMADOL","TABLET 50 MG","1575(E)","25-Mar-2026","₹ 9.93(1 Tablet)"
"","873","2022","TRAMADOL","CAPSULE 50 MG","1575(E)","25-Mar-2026","₹ 4.93(1 Capsule)"
"","874","2022","TRAMADOL","TABLET 100 MG","1575(E)","25-Mar-2026","₹ 25.07(1 Tablet)"
"","875","2022","TRAMADOL","CAPSULE 100 MG","1575(E)","25-Mar-2026","₹ 9.26(1 Capsule)"
"","876","2022","TRANEXAMIC ACID","INJECTION 100 MG/ML","1575(E)","25-Mar-2026","₹ 14.04(1 ML)"
"","877","2022","TRANEXAMIC ACID","TABLET 500 MG","1575(E)","25-Mar-2026","₹ 18.98(1 Tablet)"
"","878","2022","TRASTUZUMAB","INJECTION 440 MG/ 50 ML","1575(E)","25-Mar-2026","₹ 56039.23(Each Vial)"
"","879","2022","TRIHEXYPHENIDYL","TABLET 2 MG","1575(E)","25-Mar-2026","₹ 1.40(1 Tablet)"
"","880","2022","TRIMETHOPRIM + SULPHAMETHOXAZOLE","SUSPENSION 200/40 MG","1575(E)","25-Mar-2026","₹ 0.36(1 ML)"
"","881","2022","TROPICAMIDE EYE DROPS / OINTMENT","DROPS 1 %","1575(E)","25-Mar-2026","₹ 9.65(1 ML)"
"","882","2022","UNFRACTIONATED HEPARINS - SYSTEMIC","INJECTION 5000 IU","1575(E)","25-Mar-2026","₹ 61.40(1 ML)"
"","883","2022","VALGANCICLOVIR","TABLET 450 MG","1575(E)","25-Mar-2026","₹ 418.08(1 Tablet)( Pack)"
"","884","2022","VANCOMYCIN","INJECTION 1000 MG","1575(E)","25-Mar-2026","₹ 481.55(Each Vial)"
"","885","2022","VANCOMYCIN","CAPSULE 250 MG","1575(E)","25-Mar-2026","₹ 156.04(1 Capsule)"
"","886","2022","VANCOMYCIN","INJECTION 500 MG","1575(E)","25-Mar-2026","₹ 325.26(Each Vial)"
"","887","2022","VANCOMYCIN","INJECTION 250 MG","1575(E)","25-Mar-2026","₹ 257.28(Each Vial)"
"","888","2022","VECURONIUM","POWDER FOR INJECTION 4 MG","1575(E)","25-Mar-2026","₹ 76.18(Each Vial)"
"","889","2022","VECURONIUM","POWDER FOR INJECTION 10 MG","1575(E)","25-Mar-2026","₹ 120.18(Each Vial)"
"","890","2022","VERAPAMIL","TABLET 40 MG","1575(E)","25-Mar-2026","₹ 0.88(1 Tablet)"
"","891","2022","VERAPAMIL","TABLET 80 MG","1575(E)","25-Mar-2026","₹ 1.63(1 Tablet)"
"","892","2022","VINCRISTINE","INJECTION 1 MG","1575(E)","25-Mar-2026","₹ 58.90(1 ML)"
"","893","2022","VITAMIN A","INJECTION 50000 IU","1575(E)","25-Mar-2026","₹ 2.31(1 ML)"
"","894","2022","VITAMIN A","TABLET 50000 IU","1575(E)","25-Mar-2026","₹ 0.74(1 Tablet)"
"","895","2022","VITAMIN B1 PLAIN (WITH ADDITIVES)","INJECTION 100 MG","1575(E)","25-Mar-2026","₹ 27.34(1 ML)( Pack)"
"","896","2022","VITAMIN D3 (CHOLECALCIFEROL)","CAPSULE 60000 IU","1575(E)","25-Mar-2026","₹ 31.52(1 Capsule)"
"","897","2022","VITAMIN D3 (CHOLECALCIFEROL)","GRANULES 60000 IU","1575(E)","25-Mar-2026","₹ 34.79(1 GM)"
"","898","2022","VITAMIN D3 (CHOLECALCIFEROL)","CAPSULE 1000 IU","1575(E)","25-Mar-2026","₹ 5.01(1 Capsule)"
"","899","2022","VITAMIN D3 (CHOLECALCIFEROL)","TABLET 1000 IU","1575(E)","25-Mar-2026","₹ 4.42(1 Tablet)"
"","900","2022","VITAMIN D3 (CHOLECALCIFEROL)","SYRUP 400 IU","1575(E)","25-Mar-2026","₹ 2.68(1 ML)"
"","901","2022","VITAMIN D3 (CHOLECALCIFEROL)","TABLET 60000 IU","1575(E)","25-Mar-2026","₹ 23.04(1 Tablet)"
"","902","2022","VITAMIN D3 (CHOLECALCIFEROL)","GRANULES 1000 IU","1575(E)","25-Mar-2026","₹ 23.69(1 GM)"
"","903","2022","WARFARIN","TABLET 1 MG","1575(E)","25-Mar-2026","₹ 2.52(1 Tablet)"
"","904","2022","WARFARIN","TABLET 5 MG","1575(E)","25-Mar-2026","₹ 2.46(1 Tablet)"
"","905","2022","WARFARIN","TABLET 3 MG","1575(E)","25-Mar-2026","₹ 3.26(1 Tablet)"
"","906","2022","WARFARIN","TABLET 2 MG","1575(E)","25-Mar-2026","₹ 2.79(1 Tablet)"
"","907","2022","WATER FOR INJECTION","INJECTION --","1575(E)","25-Mar-2026","₹ 2.48(10 ml Pack)( Pack)"
"","908","2022","XYLOMETAZOLINE","NASAL DROPS 0.05 %","1575(E)","25-Mar-2026","₹ 4.29(1 ML)"
"","909","2022","XYLOMETAZOLINE","NASAL DROPS 0.1 %","1575(E)","25-Mar-2026","₹ 5.24(1 ML)"
"","910","2022","ZIDOVUDINE","TABLET 300 MG","1575(E)","25-Mar-2026","₹ 13.92(1 Tablet)"
"","911","2022","ZIDOVUDINE (A) + LAMIVUDINE (B) +
NEVIRAPINE (C)","TABLET 300 MG(A) + 150 MG(B) + 200 MG(C)","1575(E)","25-Mar-2026","₹ 21.64(1 Tablet)"
"","912","2022","ZINC SULPHATE","DISPERSIBLE TABLET 20 MG","1575(E)","25-Mar-2026","₹ 3.49(1 Tablet)"
"","913","2022","ZOLEDRONIC ACID","POWDER FOR INJECTION 4 MG","1575(E)","25-Mar-2026","₹ 2449.49(Each Vial)"
"","914","2022","ZOLPIDEM","TABLET 10 MG","1575(E)","25-Mar-2026","₹ 8.72(1 Tablet)"
"","915","2022","ZOLPIDEM","TABLET 5 MG","1575(E)","25-Mar-2026","₹ 6.36(1 Tablet)"
